feedback_id,user_id,booking_id,rating,comment,created_at
FDB-0001,LSV-0396,BKG-002880,5,Very clean and quiet.,2026-02-06 07:28:00
FDB-0002,LSV-0420,BKG-004044,5,Excellent space.,2026-02-14 04:30:00
FDB-0003,LSV-0351,BKG-000301,5,Great setup and amenities.,2026-01-20 22:05:00
FDB-0004,LSV-0137,BKG-001255,3,Could be better maintained.,2026-01-27 02:09:00
FDB-0005,LSV-0433,BKG-002185,4,Minor issues but fine.,2026-02-03 10:17:00
FDB-0006,LSV-0379,BKG-003951,4,Good overall.,2026-02-12 21:34:00
FDB-0007,LSV-0304,BKG-002882,4,Good overall.,2026-02-07 05:09:00
FDB-0008,LSV-0386,BKG-004600,3,Average experience.,2026-02-16 16:12:00
FDB-0009,LSV-0377,BKG-002818,4,Worked well for our session.,2026-02-05 22:36:00
FDB-0010,LSV-0445,BKG-007022,3,It was okay.,2026-02-15 18:59:00
FDB-0011,LSV-0127,BKG-004099,4,Worked well for our session.,2026-02-14 22:44:00
FDB-0012,LSV-0253,BKG-001251,5,Excellent space.,2026-01-27 11:28:00
FDB-0013,LSV-0052,BKG-001991,4,Good overall.,2026-01-31 23:25:00
FDB-0014,LSV-0121,BKG-000715,5,Excellent space.,2026-01-22 11:46:00
FDB-0015,LSV-0076,BKG-000998,4,Worked well for our session.,2026-01-24 11:06:00
FDB-0016,LSV-0292,BKG-000669,1,Poor experience.,2026-01-23 09:27:00
FDB-0017,LSV-0260,BKG-002483,3,Average experience.,2026-02-04 17:15:00
FDB-0018,LSV-0447,BKG-003584,4,Minor issues but fine.,2026-02-11 21:59:00
FDB-0019,LSV-0286,BKG-003108,4,Minor issues but fine.,2026-02-07 14:07:00
FDB-0020,LSV-0225,BKG-002504,2,Not very comfortable.,2026-02-04 17:00:00
FDB-0021,LSV-0372,BKG-007287,4,Minor issues but fine.,2026-02-08 01:09:00
FDB-0022,LSV-0090,BKG-002823,5,Very clean and quiet.,2026-02-06 01:19:00
FDB-0023,LSV-0397,BKG-002524,5,Great setup and amenities.,2026-02-04 02:38:00
FDB-0024,LSV-0121,BKG-003601,5,Great setup and amenities.,2026-02-11 03:57:00
FDB-0025,LSV-0276,BKG-001565,4,Good overall.,2026-01-29 09:10:00
FDB-0026,LSV-0200,BKG-000877,3,Average experience.,2026-01-24 14:17:00
FDB-0027,LSV-0259,BKG-002729,4,Minor issues but fine.,2026-02-05 01:24:00
FDB-0028,LSV-0072,BKG-003344,5,Great setup and amenities.,2026-02-08 13:01:00
FDB-0029,LSV-0220,BKG-003551,4,Good overall.,2026-02-11 01:44:00
FDB-0030,LSV-0352,BKG-004094,5,Very clean and quiet.,2026-02-15 05:08:00
FDB-0031,LSV-0257,BKG-000021,3,Could be better maintained.,2026-01-20 03:31:00
FDB-0032,LSV-0430,BKG-001964,4,Worked well for our session.,2026-01-30 22:21:00
FDB-0033,LSV-0437,BKG-003361,5,Great setup and amenities.,2026-02-09 23:43:00
FDB-0034,LSV-0437,BKG-001196,5,Great setup and amenities.,2026-01-26 03:48:00
FDB-0035,LSV-0265,BKG-001284,4,Worked well for our session.,2026-01-27 19:25:00
FDB-0036,LSV-0274,BKG-001305,5,Excellent space.,2026-01-27 16:19:00
FDB-0037,LSV-0212,BKG-001861,5,Great setup and amenities.,2026-01-30 20:55:00
FDB-0038,LSV-0159,BKG-007157,5,Very clean and quiet.,2026-02-02 00:08:00
FDB-0039,LSV-0349,BKG-004527,5,Excellent space.,2026-02-16 12:44:00
FDB-0040,LSV-0142,BKG-001071,3,Could be better maintained.,2026-01-24 17:06:00
FDB-0041,LSV-0405,BKG-002850,3,It was okay.,2026-02-06 03:20:00
FDB-0042,LSV-0287,BKG-004525,3,It was okay.,2026-02-16 21:52:00
FDB-0043,LSV-0292,BKG-000230,5,Excellent space.,2026-01-20 06:29:00
FDB-0044,LSV-0427,BKG-000538,5,Excellent space.,2026-01-21 13:50:00
FDB-0045,LSV-0181,BKG-000472,5,Very clean and quiet.,2026-01-22 19:05:00
FDB-0046,LSV-0166,BKG-007193,5,Excellent space.,2026-02-09 17:40:00
FDB-0047,LSV-0326,BKG-002200,4,Minor issues but fine.,2026-02-02 21:37:00
FDB-0048,LSV-0306,BKG-000711,5,Great setup and amenities.,2026-01-23 16:39:00
FDB-0049,LSV-0358,BKG-006985,5,Great setup and amenities.,2026-02-09 05:22:00
FDB-0050,LSV-0036,BKG-001791,3,Could be better maintained.,2026-01-30 21:49:00
FDB-0051,LSV-0222,BKG-002382,3,Average experience.,2026-02-02 22:52:00
FDB-0052,LSV-0218,BKG-002182,5,Excellent space.,2026-02-02 19:45:00
FDB-0053,LSV-0048,BKG-003331,3,Could be better maintained.,2026-02-09 08:27:00
FDB-0054,LSV-0298,BKG-000533,5,Very clean and quiet.,2026-01-21 09:41:00
FDB-0055,LSV-0203,BKG-003426,5,Great setup and amenities.,2026-02-10 03:04:00
FDB-0056,LSV-0275,BKG-000852,3,Average experience.,2026-01-24 08:58:00
FDB-0057,LSV-0376,BKG-002522,3,It was okay.,2026-02-04 03:03:00
FDB-0058,LSV-0219,BKG-000463,1,Poor experience.,2026-01-21 18:37:00
FDB-0059,LSV-0444,BKG-001711,1,Poor experience.,2026-01-29 18:50:00
FDB-0060,LSV-0307,BKG-003541,4,Worked well for our session.,2026-02-10 11:45:00
FDB-0061,LSV-0164,BKG-002747,4,Good overall.,2026-02-05 16:19:00
FDB-0062,LSV-0297,BKG-003078,5,Excellent space.,2026-02-06 17:55:00
FDB-0063,LSV-0415,BKG-001659,4,Good overall.,2026-01-30 01:18:00
FDB-0064,LSV-0358,BKG-003123,3,Could be better maintained.,2026-02-08 06:16:00
FDB-0065,LSV-0403,BKG-001873,5,Excellent space.,2026-01-30 22:17:00
FDB-0066,LSV-0075,BKG-001535,5,Excellent space.,2026-01-28 17:30:00
FDB-0067,LSV-0204,BKG-000668,5,Excellent space.,2026-01-23 12:06:00
FDB-0068,LSV-0246,BKG-000732,4,Worked well for our session.,2026-01-23 21:18:00
FDB-0069,LSV-0319,BKG-004491,5,Great setup and amenities.,2026-02-17 08:26:00
FDB-0070,LSV-0247,BKG-000682,3,It was okay.,2026-01-23 04:25:00
FDB-0071,LSV-0078,BKG-003472,5,Excellent space.,2026-02-10 05:59:00
FDB-0072,LSV-0045,BKG-002360,3,Average experience.,2026-02-03 18:48:00
FDB-0073,LSV-0304,BKG-001627,5,Very clean and quiet.,2026-01-29 07:24:00
FDB-0074,LSV-0357,BKG-000916,5,Excellent space.,2026-01-24 10:49:00
FDB-0075,LSV-0407,BKG-000774,3,Could be better maintained.,2026-01-23 22:55:00
FDB-0076,LSV-0068,BKG-003294,5,Very clean and quiet.,2026-02-09 18:09:00
FDB-0077,LSV-0418,BKG-002825,4,Minor issues but fine.,2026-02-06 16:04:00
FDB-0078,LSV-0271,BKG-003405,5,Very clean and quiet.,2026-02-10 12:58:00
FDB-0079,LSV-0234,BKG-000044,5,Great setup and amenities.,2026-01-19 10:36:00
FDB-0080,LSV-0127,BKG-003379,5,Great setup and amenities.,2026-02-10 11:31:00
FDB-0081,LSV-0228,BKG-000799,5,Great setup and amenities.,2026-01-23 20:16:00
FDB-0082,LSV-0012,BKG-004432,4,Minor issues but fine.,2026-02-18 03:02:00
FDB-0083,LSV-0422,BKG-002235,4,Minor issues but fine.,2026-02-02 23:21:00
FDB-0084,LSV-0356,BKG-001344,3,Could be better maintained.,2026-01-27 04:13:00
FDB-0085,LSV-0067,BKG-002439,4,Worked well for our session.,2026-02-04 05:05:00
FDB-0086,LSV-0025,BKG-002327,3,Average experience.,2026-02-03 16:17:00
FDB-0087,LSV-0079,BKG-001731,5,Great setup and amenities.,2026-01-29 19:12:00
FDB-0088,LSV-0044,BKG-002015,5,Great setup and amenities.,2026-02-01 08:49:00
FDB-0089,LSV-0297,BKG-001150,4,Good overall.,2026-01-26 06:00:00
FDB-0090,LSV-0088,BKG-007206,3,Could be better maintained.,2026-02-03 04:18:00
FDB-0091,LSV-0390,BKG-003159,4,Worked well for our session.,2026-02-08 23:28:00
FDB-0092,LSV-0399,BKG-003829,5,Very clean and quiet.,2026-02-13 04:47:00
FDB-0093,LSV-0358,BKG-002864,4,Worked well for our session.,2026-02-06 10:40:00
FDB-0094,LSV-0296,BKG-001680,4,Worked well for our session.,2026-01-29 07:48:00
FDB-0095,LSV-0278,BKG-007112,3,Could be better maintained.,2026-01-20 04:25:00
FDB-0096,LSV-0353,BKG-001136,2,Equipment issues.,2026-01-25 22:17:00
FDB-0097,LSV-0082,BKG-004168,3,It was okay.,2026-02-14 01:32:00
FDB-0098,LSV-0067,BKG-004589,5,Very clean and quiet.,2026-02-17 14:10:00
FDB-0099,LSV-0308,BKG-004002,5,Great setup and amenities.,2026-02-13 18:40:00
FDB-0100,LSV-0336,BKG-001407,5,Excellent space.,2026-01-28 23:39:00
FDB-0101,LSV-0099,BKG-004398,4,Worked well for our session.,2026-02-16 04:03:00
FDB-0102,LSV-0310,BKG-000885,3,Average experience.,2026-01-24 15:51:00
FDB-0103,LSV-0222,BKG-001217,2,Equipment issues.,2026-01-27 04:49:00
FDB-0104,LSV-0183,BKG-002236,5,Excellent space.,2026-02-02 08:28:00
FDB-0105,LSV-0080,BKG-000095,5,Great setup and amenities.,2026-01-19 07:10:00
FDB-0106,LSV-0192,BKG-002680,5,Very clean and quiet.,2026-02-05 15:01:00
FDB-0107,LSV-0018,BKG-001979,4,Worked well for our session.,2026-02-01 05:48:00
FDB-0108,LSV-0332,BKG-001721,5,Great setup and amenities.,2026-01-29 07:52:00
FDB-0109,LSV-0298,BKG-003360,1,Could not use the space effectively.,2026-02-08 11:34:00
FDB-0110,LSV-0122,BKG-002063,4,Minor issues but fine.,2026-02-01 04:51:00
FDB-0111,LSV-0270,BKG-002741,5,Very clean and quiet.,2026-02-04 16:16:00
FDB-0112,LSV-0119,BKG-000757,1,Needs urgent maintenance.,2026-01-23 17:26:00
FDB-0113,LSV-0063,BKG-000735,4,Good overall.,2026-01-23 05:33:00
FDB-0114,LSV-0019,BKG-007086,5,Great setup and amenities.,2026-01-19 06:14:00
FDB-0115,LSV-0120,BKG-003248,4,Minor issues but fine.,2026-02-09 00:25:00
FDB-0116,LSV-0424,BKG-002917,4,Minor issues but fine.,2026-02-06 09:40:00
FDB-0117,LSV-0344,BKG-001564,5,Very clean and quiet.,2026-01-29 15:01:00
FDB-0118,LSV-0303,BKG-001679,5,Excellent space.,2026-01-29 07:00:00
FDB-0119,LSV-0204,BKG-002858,4,Minor issues but fine.,2026-02-06 07:27:00
FDB-0120,LSV-0128,BKG-000863,4,Good overall.,2026-01-24 20:00:00
FDB-0121,LSV-0381,BKG-007436,3,It was okay.,2026-02-05 11:27:00
FDB-0122,LSV-0027,BKG-002720,4,Minor issues but fine.,2026-02-05 20:55:00
FDB-0123,LSV-0069,BKG-001011,4,Minor issues but fine.,2026-01-25 13:18:00
FDB-0124,LSV-0370,BKG-002677,5,Very clean and quiet.,2026-02-06 02:48:00
FDB-0125,LSV-0040,BKG-001273,4,Minor issues but fine.,2026-01-27 23:39:00
FDB-0126,LSV-0443,BKG-004242,5,Very clean and quiet.,2026-02-14 14:14:00
FDB-0127,LSV-0125,BKG-002165,2,Not very comfortable.,2026-02-01 07:13:00
FDB-0128,LSV-0249,BKG-004383,4,Worked well for our session.,2026-02-16 14:44:00
FDB-0129,LSV-0432,BKG-006959,4,Good overall.,2026-02-02 12:26:00
FDB-0130,LSV-0054,BKG-003692,5,Excellent space.,2026-02-11 20:26:00
FDB-0131,LSV-0401,BKG-003997,5,Excellent space.,2026-02-13 10:38:00
FDB-0132,LSV-0376,BKG-003499,4,Worked well for our session.,2026-02-10 12:31:00
FDB-0133,LSV-0322,BKG-001526,5,Excellent space.,2026-01-28 02:46:00
FDB-0134,LSV-0039,BKG-000189,3,Could be better maintained.,2026-01-20 14:32:00
FDB-0135,LSV-0290,BKG-004582,3,Could be better maintained.,2026-02-17 14:45:00
FDB-0136,LSV-0357,BKG-007258,3,It was okay.,2026-02-08 16:44:00
FDB-0137,LSV-0379,BKG-001860,5,Great setup and amenities.,2026-01-31 01:32:00
FDB-0138,LSV-0388,BKG-000394,4,Minor issues but fine.,2026-01-21 17:42:00
FDB-0139,LSV-0203,BKG-001625,4,Good overall.,2026-01-30 00:21:00
FDB-0140,LSV-0113,BKG-000229,5,Excellent space.,2026-01-21 02:52:00
FDB-0141,LSV-0246,BKG-003876,5,Great setup and amenities.,2026-02-13 12:22:00
FDB-0142,LSV-0183,BKG-004026,4,Worked well for our session.,2026-02-13 12:32:00
FDB-0143,LSV-0087,BKG-002670,3,It was okay.,2026-02-05 09:26:00
FDB-0144,LSV-0344,BKG-003413,4,Good overall.,2026-02-10 12:08:00
FDB-0145,LSV-0078,BKG-004334,5,Excellent space.,2026-02-16 23:46:00
FDB-0146,LSV-0274,BKG-003534,5,Excellent space.,2026-02-10 03:49:00
FDB-0147,LSV-0187,BKG-002001,5,Very clean and quiet.,2026-01-31 09:50:00
FDB-0148,LSV-0387,BKG-003063,4,Minor issues but fine.,2026-02-07 21:31:00
FDB-0149,LSV-0189,BKG-000722,4,Minor issues but fine.,2026-01-23 02:27:00
FDB-0150,LSV-0322,BKG-003232,5,Great setup and amenities.,2026-02-08 07:27:00
FDB-0151,LSV-0404,BKG-002665,4,Worked well for our session.,2026-02-05 14:38:00
FDB-0152,LSV-0123,BKG-003378,3,It was okay.,2026-02-10 15:40:00
FDB-0153,LSV-0083,BKG-004501,5,Very clean and quiet.,2026-02-17 01:15:00
FDB-0154,LSV-0174,BKG-004145,5,Great setup and amenities.,2026-02-14 09:45:00
FDB-0155,LSV-0428,BKG-003962,4,Minor issues but fine.,2026-02-12 16:18:00
FDB-0156,LSV-0189,BKG-000180,5,Excellent space.,2026-01-20 09:57:00
FDB-0157,LSV-0255,BKG-001869,5,Great setup and amenities.,2026-01-30 14:25:00
FDB-0158,LSV-0149,BKG-001328,4,Good overall.,2026-01-27 21:47:00
FDB-0159,LSV-0218,BKG-003285,4,Good overall.,2026-02-09 23:36:00
FDB-0160,LSV-0352,BKG-001876,3,Average experience.,2026-01-30 13:40:00
FDB-0161,LSV-0197,BKG-004057,4,Good overall.,2026-02-13 18:53:00
FDB-0162,LSV-0437,BKG-001778,3,It was okay.,2026-01-29 23:04:00
FDB-0163,LSV-0383,BKG-004273,5,Great setup and amenities.,2026-02-15 15:13:00
FDB-0164,LSV-0418,BKG-004056,5,Very clean and quiet.,2026-02-14 09:25:00
FDB-0165,LSV-0375,BKG-002648,5,Very clean and quiet.,2026-02-06 03:48:00
FDB-0166,LSV-0167,BKG-001508,3,Could be better maintained.,2026-01-28 22:54:00
FDB-0167,LSV-0425,BKG-007486,2,Equipment issues.,2026-01-25 18:55:00
FDB-0168,LSV-0029,BKG-002954,3,Average experience.,2026-02-05 21:10:00
FDB-0169,LSV-0253,BKG-004430,4,Minor issues but fine.,2026-02-17 07:24:00
FDB-0170,LSV-0297,BKG-001012,2,Not very comfortable.,2026-01-25 05:26:00
FDB-0171,LSV-0331,BKG-003142,2,Too noisy nearby.,2026-02-08 20:38:00
FDB-0172,LSV-0414,BKG-002646,5,Great setup and amenities.,2026-02-05 13:03:00
FDB-0173,LSV-0057,BKG-002553,4,Worked well for our session.,2026-02-04 23:17:00
FDB-0174,LSV-0138,BKG-001759,4,Minor issues but fine.,2026-01-29 19:27:00
FDB-0175,LSV-0327,BKG-001867,3,Average experience.,2026-01-30 08:32:00
FDB-0176,LSV-0069,BKG-004401,5,Very clean and quiet.,2026-02-16 01:11:00
FDB-0177,LSV-0085,BKG-007396,5,Great setup and amenities.,2026-02-16 09:07:00
FDB-0178,LSV-0263,BKG-001693,5,Great setup and amenities.,2026-01-28 20:17:00
FDB-0179,LSV-0206,BKG-002374,4,Minor issues but fine.,2026-02-03 11:37:00
FDB-0180,LSV-0314,BKG-001081,4,Worked well for our session.,2026-01-26 19:28:00
FDB-0181,LSV-0308,BKG-007166,4,Minor issues but fine.,2026-02-09 02:22:00
FDB-0182,LSV-0281,BKG-001301,5,Very clean and quiet.,2026-01-27 07:43:00
FDB-0183,LSV-0086,BKG-004412,5,Excellent space.,2026-02-16 08:18:00
FDB-0184,LSV-0342,BKG-000619,4,Minor issues but fine.,2026-01-23 02:27:00
FDB-0185,LSV-0089,BKG-000102,4,Good overall.,2026-01-19 17:47:00
FDB-0186,LSV-0446,BKG-001555,4,Good overall.,2026-01-29 21:27:00
FDB-0187,LSV-0308,BKG-001695,4,Worked well for our session.,2026-01-28 18:31:00
FDB-0188,LSV-0212,BKG-000693,5,Very clean and quiet.,2026-01-23 10:57:00
FDB-0189,LSV-0093,BKG-000325,4,Minor issues but fine.,2026-01-21 10:15:00
FDB-0190,LSV-0350,BKG-006986,5,Excellent space.,2026-02-16 04:17:00
FDB-0191,LSV-0239,BKG-004575,4,Minor issues but fine.,2026-02-16 17:33:00
FDB-0192,LSV-0382,BKG-007014,5,Great setup and amenities.,2026-02-01 02:00:00
FDB-0193,LSV-0419,BKG-000336,1,Poor experience.,2026-01-21 08:26:00
FDB-0194,LSV-0362,BKG-002655,2,Not very comfortable.,2026-02-05 21:08:00
FDB-0195,LSV-0357,BKG-002475,4,Worked well for our session.,2026-02-04 21:47:00
FDB-0196,LSV-0326,BKG-001091,5,Very clean and quiet.,2026-01-25 23:16:00
FDB-0197,LSV-0079,BKG-004191,5,Excellent space.,2026-02-14 22:09:00
FDB-0198,LSV-0250,BKG-004467,4,Minor issues but fine.,2026-02-18 02:40:00
FDB-0199,LSV-0408,BKG-002468,4,Worked well for our session.,2026-02-03 23:14:00
FDB-0200,LSV-0137,BKG-001000,3,Average experience.,2026-01-26 01:20:00
FDB-0201,LSV-0235,BKG-001274,4,Minor issues but fine.,2026-01-26 20:11:00
FDB-0202,LSV-0179,BKG-000926,5,Great setup and amenities.,2026-01-23 19:03:00
FDB-0203,LSV-0388,BKG-002830,1,Poor experience.,2026-02-06 11:34:00
FDB-0204,LSV-0315,BKG-002891,4,Minor issues but fine.,2026-02-06 14:49:00
FDB-0205,LSV-0379,BKG-002770,5,Excellent space.,2026-02-05 08:54:00
FDB-0206,LSV-0417,BKG-002763,2,Equipment issues.,2026-02-05 10:50:00
FDB-0207,LSV-0233,BKG-002445,5,Very clean and quiet.,2026-02-02 12:58:00
FDB-0208,LSV-0364,BKG-002714,1,Poor experience.,2026-02-05 07:27:00
FDB-0209,LSV-0052,BKG-002593,4,Worked well for our session.,2026-02-05 01:35:00
FDB-0210,LSV-0139,BKG-004045,5,Excellent space.,2026-02-14 13:05:00
FDB-0211,LSV-0334,BKG-007272,5,Excellent space.,2026-02-03 01:04:00
FDB-0212,LSV-0434,BKG-004284,4,Minor issues but fine.,2026-02-15 23:22:00
FDB-0213,LSV-0389,BKG-000573,5,Very clean and quiet.,2026-01-21 22:44:00
FDB-0214,LSV-0256,BKG-003409,2,Too noisy nearby.,2026-02-10 20:03:00
FDB-0215,LSV-0181,BKG-002212,4,Minor issues but fine.,2026-02-02 06:12:00
FDB-0216,LSV-0256,BKG-001956,4,Worked well for our session.,2026-02-01 06:19:00
FDB-0217,LSV-0288,BKG-003226,1,Needs urgent maintenance.,2026-02-08 12:05:00
FDB-0218,LSV-0045,BKG-003594,4,Worked well for our session.,2026-02-11 10:28:00
FDB-0219,LSV-0281,BKG-003026,5,Great setup and amenities.,2026-02-06 21:44:00
FDB-0220,LSV-0155,BKG-007278,5,Very clean and quiet.,2026-02-15 17:21:00
FDB-0221,LSV-0336,BKG-002346,5,Very clean and quiet.,2026-02-03 20:56:00
FDB-0222,LSV-0051,BKG-000090,4,Good overall.,2026-01-18 14:29:00
FDB-0223,LSV-0442,BKG-004547,3,It was okay.,2026-02-17 00:17:00
FDB-0224,LSV-0329,BKG-000522,3,Could be better maintained.,2026-01-22 16:21:00
FDB-0225,LSV-0268,BKG-001812,4,Worked well for our session.,2026-01-31 01:27:00
FDB-0226,LSV-0094,BKG-000078,4,Minor issues but fine.,2026-01-19 15:04:00
FDB-0227,LSV-0092,BKG-000559,5,Excellent space.,2026-01-23 08:00:00
FDB-0228,LSV-0229,BKG-001765,2,Equipment issues.,2026-01-30 23:48:00
FDB-0229,LSV-0154,BKG-003222,2,Equipment issues.,2026-02-08 15:21:00
FDB-0230,LSV-0034,BKG-004267,5,Great setup and amenities.,2026-02-15 08:26:00
FDB-0231,LSV-0422,BKG-004541,5,Very clean and quiet.,2026-02-18 00:02:00
FDB-0232,LSV-0015,BKG-002135,4,Good overall.,2026-02-01 13:11:00
FDB-0233,LSV-0354,BKG-002793,5,Great setup and amenities.,2026-02-05 03:27:00
FDB-0234,LSV-0369,BKG-003263,5,Great setup and amenities.,2026-02-08 23:58:00
FDB-0235,LSV-0209,BKG-004317,4,Minor issues but fine.,2026-02-16 11:50:00
FDB-0236,LSV-0375,BKG-002251,4,Minor issues but fine.,2026-02-01 21:24:00
FDB-0237,LSV-0017,BKG-000368,5,Very clean and quiet.,2026-01-21 07:14:00
FDB-0238,LSV-0156,BKG-003500,3,It was okay.,2026-02-10 04:38:00
FDB-0239,LSV-0123,BKG-001853,5,Great setup and amenities.,2026-01-30 07:24:00
FDB-0240,LSV-0196,BKG-003428,4,Minor issues but fine.,2026-02-09 22:38:00
FDB-0241,LSV-0317,BKG-003443,5,Great setup and amenities.,2026-02-09 20:38:00
FDB-0242,LSV-0310,BKG-002780,1,Poor experience.,2026-02-05 13:11:00
FDB-0243,LSV-0201,BKG-000710,4,Worked well for our session.,2026-01-23 12:57:00
FDB-0244,LSV-0354,BKG-003600,5,Great setup and amenities.,2026-02-10 17:24:00
FDB-0245,LSV-0435,BKG-001236,5,Excellent space.,2026-01-27 16:23:00
FDB-0246,LSV-0111,BKG-001276,2,Too noisy nearby.,2026-01-28 06:35:00
FDB-0247,LSV-0413,BKG-000987,4,Good overall.,2026-01-26 09:02:00
FDB-0248,LSV-0163,BKG-001148,5,Great setup and amenities.,2026-01-26 12:02:00
FDB-0249,LSV-0137,BKG-003644,3,Could be better maintained.,2026-02-11 15:25:00
FDB-0250,LSV-0442,BKG-002469,4,Worked well for our session.,2026-02-04 08:16:00
FDB-0251,LSV-0088,BKG-002138,4,Good overall.,2026-02-01 09:09:00
FDB-0252,LSV-0388,BKG-004548,4,Worked well for our session.,2026-02-18 02:50:00
FDB-0253,LSV-0336,BKG-004441,3,Average experience.,2026-02-17 13:20:00
FDB-0254,LSV-0029,BKG-002130,5,Excellent space.,2026-02-01 20:00:00
FDB-0255,LSV-0393,BKG-000989,3,It was okay.,2026-01-25 13:44:00
FDB-0256,LSV-0018,BKG-000878,5,Great setup and amenities.,2026-01-25 03:24:00
FDB-0257,LSV-0204,BKG-000786,3,Average experience.,2026-01-23 18:13:00
FDB-0258,LSV-0345,BKG-000924,4,Minor issues but fine.,2026-01-24 07:28:00
FDB-0259,LSV-0191,BKG-004308,5,Excellent space.,2026-02-16 17:41:00
FDB-0260,LSV-0279,BKG-003964,5,Very clean and quiet.,2026-02-14 04:32:00
FDB-0261,LSV-0364,BKG-002707,2,Not very comfortable.,2026-02-05 21:54:00
FDB-0262,LSV-0312,BKG-003790,1,Poor experience.,2026-02-13 04:31:00
FDB-0263,LSV-0266,BKG-000114,2,Too noisy nearby.,2026-01-19 23:19:00
FDB-0264,LSV-0342,BKG-002842,4,Worked well for our session.,2026-02-06 21:38:00
FDB-0265,LSV-0064,BKG-001275,3,It was okay.,2026-01-27 02:29:00
FDB-0266,LSV-0379,BKG-002971,3,It was okay.,2026-02-05 23:19:00
FDB-0267,LSV-0130,BKG-003928,4,Good overall.,2026-02-13 16:23:00
FDB-0268,LSV-0197,BKG-001660,5,Very clean and quiet.,2026-01-29 14:51:00
FDB-0269,LSV-0104,BKG-000646,3,It was okay.,2026-01-22 19:08:00
FDB-0270,LSV-0448,BKG-003442,5,Very clean and quiet.,2026-02-09 18:18:00
FDB-0271,LSV-0434,BKG-002695,5,Great setup and amenities.,2026-02-05 03:21:00
FDB-0272,LSV-0206,BKG-000349,4,Minor issues but fine.,2026-01-21 06:35:00
FDB-0273,LSV-0139,BKG-004387,4,Minor issues but fine.,2026-02-15 15:15:00
FDB-0274,LSV-0255,BKG-003979,5,Great setup and amenities.,2026-02-14 05:05:00
FDB-0275,LSV-0100,BKG-002523,5,Great setup and amenities.,2026-02-05 01:57:00
FDB-0276,LSV-0332,BKG-001321,5,Great setup and amenities.,2026-01-27 04:35:00
FDB-0277,LSV-0376,BKG-001349,1,Needs urgent maintenance.,2026-01-27 16:18:00
FDB-0278,LSV-0397,BKG-002423,1,Poor experience.,2026-02-04 09:37:00
FDB-0279,LSV-0069,BKG-000803,5,Great setup and amenities.,2026-01-24 10:53:00
FDB-0280,LSV-0433,BKG-004007,5,Excellent space.,2026-02-13 03:53:00
FDB-0281,LSV-0146,BKG-001878,4,Minor issues but fine.,2026-01-31 05:44:00
FDB-0282,LSV-0086,BKG-002069,3,Average experience.,2026-02-01 23:59:00
FDB-0283,LSV-0034,BKG-001523,3,It was okay.,2026-01-28 10:58:00
FDB-0284,LSV-0211,BKG-002675,5,Great setup and amenities.,2026-02-05 06:16:00
FDB-0285,LSV-0406,BKG-000055,5,Very clean and quiet.,2026-01-19 03:14:00
FDB-0286,LSV-0155,BKG-002057,4,Minor issues but fine.,2026-02-02 03:08:00
FDB-0287,LSV-0436,BKG-007361,4,Worked well for our session.,2026-02-15 19:50:00
FDB-0288,LSV-0369,BKG-004584,4,Good overall.,2026-02-17 09:35:00
FDB-0289,LSV-0177,BKG-004489,5,Very clean and quiet.,2026-02-17 04:33:00
FDB-0290,LSV-0203,BKG-002347,2,Not very comfortable.,2026-02-03 08:23:00
FDB-0291,LSV-0444,BKG-001807,4,Minor issues but fine.,2026-01-30 04:57:00
FDB-0292,LSV-0127,BKG-003647,1,Poor experience.,2026-02-10 21:43:00
FDB-0293,LSV-0192,BKG-000018,4,Minor issues but fine.,2026-01-18 22:09:00
FDB-0294,LSV-0377,BKG-000638,1,Could not use the space effectively.,2026-01-23 13:30:00
FDB-0295,LSV-0258,BKG-003618,3,Could be better maintained.,2026-02-10 14:33:00
FDB-0296,LSV-0368,BKG-003230,5,Very clean and quiet.,2026-02-08 11:50:00
FDB-0297,LSV-0367,BKG-000816,5,Very clean and quiet.,2026-01-23 13:19:00
FDB-0298,LSV-0122,BKG-002873,2,Too noisy nearby.,2026-02-05 23:05:00
FDB-0299,LSV-0293,BKG-002601,5,Excellent space.,2026-02-04 08:45:00
FDB-0300,LSV-0197,BKG-004358,5,Great setup and amenities.,2026-02-16 22:36:00
FDB-0301,LSV-0359,BKG-001337,4,Good overall.,2026-01-27 09:13:00
FDB-0302,LSV-0418,BKG-003628,4,Good overall.,2026-02-12 04:29:00
FDB-0303,LSV-0346,BKG-001527,3,It was okay.,2026-01-28 04:01:00
FDB-0304,LSV-0051,BKG-000957,4,Good overall.,2026-01-25 12:28:00
FDB-0305,LSV-0430,BKG-003487,3,Could be better maintained.,2026-02-10 04:12:00
FDB-0306,LSV-0176,BKG-001390,4,Worked well for our session.,2026-01-28 20:31:00
FDB-0307,LSV-0305,BKG-002659,5,Great setup and amenities.,2026-02-05 21:32:00
FDB-0308,LSV-0024,BKG-000686,4,Minor issues but fine.,2026-01-22 21:55:00
FDB-0309,LSV-0259,BKG-004515,5,Great setup and amenities.,2026-02-17 01:46:00
FDB-0310,LSV-0019,BKG-001998,3,It was okay.,2026-01-31 02:05:00
FDB-0311,LSV-0133,BKG-004173,5,Excellent space.,2026-02-14 08:40:00
FDB-0312,LSV-0311,BKG-002418,3,It was okay.,2026-02-03 10:54:00
FDB-0313,LSV-0346,BKG-003217,2,Too noisy nearby.,2026-02-09 00:11:00
FDB-0314,LSV-0426,BKG-001186,4,Minor issues but fine.,2026-01-26 14:43:00
FDB-0315,LSV-0324,BKG-002698,4,Good overall.,2026-02-05 12:11:00
FDB-0316,LSV-0145,BKG-004406,5,Excellent space.,2026-02-17 01:54:00
FDB-0317,LSV-0322,BKG-004571,4,Worked well for our session.,2026-02-18 00:51:00
FDB-0318,LSV-0238,BKG-003553,5,Excellent space.,2026-02-11 16:50:00
FDB-0319,LSV-0352,BKG-007447,1,Poor experience.,2026-02-07 22:36:00
FDB-0320,LSV-0441,BKG-000955,5,Very clean and quiet.,2026-01-25 05:05:00
FDB-0321,LSV-0089,BKG-000729,5,Very clean and quiet.,2026-01-23 18:41:00
FDB-0322,LSV-0412,BKG-000080,2,Too noisy nearby.,2026-01-19 18:53:00
FDB-0323,LSV-0140,BKG-003535,2,Too noisy nearby.,2026-02-09 22:57:00
FDB-0324,LSV-0361,BKG-003190,2,Equipment issues.,2026-02-08 17:30:00
FDB-0325,LSV-0379,BKG-003208,3,Could be better maintained.,2026-02-08 09:56:00
FDB-0326,LSV-0088,BKG-002542,5,Excellent space.,2026-02-05 01:27:00
FDB-0327,LSV-0433,BKG-000977,5,Very clean and quiet.,2026-01-25 07:35:00
FDB-0328,LSV-0170,BKG-000445,4,Good overall.,2026-01-22 07:17:00
FDB-0329,LSV-0147,BKG-002416,4,Worked well for our session.,2026-02-04 00:52:00
FDB-0330,LSV-0444,BKG-007179,4,Worked well for our session.,2026-01-24 02:10:00
FDB-0331,LSV-0032,BKG-004154,5,Very clean and quiet.,2026-02-14 23:07:00
FDB-0332,LSV-0181,BKG-004451,5,Great setup and amenities.,2026-02-16 11:13:00
FDB-0333,LSV-0398,BKG-003733,4,Good overall.,2026-02-11 22:06:00
FDB-0334,LSV-0298,BKG-002609,5,Very clean and quiet.,2026-02-04 06:35:00
FDB-0335,LSV-0298,BKG-000017,5,Very clean and quiet.,2026-01-19 01:29:00
FDB-0336,LSV-0366,BKG-002114,5,Great setup and amenities.,2026-01-31 15:44:00
FDB-0337,LSV-0130,BKG-004347,3,It was okay.,2026-02-15 22:27:00
FDB-0338,LSV-0055,BKG-003690,4,Worked well for our session.,2026-02-10 21:34:00
FDB-0339,LSV-0069,BKG-004374,5,Great setup and amenities.,2026-02-16 03:11:00
FDB-0340,LSV-0150,BKG-003855,5,Great setup and amenities.,2026-02-12 11:41:00
FDB-0341,LSV-0131,BKG-000159,4,Good overall.,2026-01-20 11:55:00
FDB-0342,LSV-0147,BKG-004010,3,It was okay.,2026-02-13 07:12:00
FDB-0343,LSV-0262,BKG-001261,5,Very clean and quiet.,2026-01-28 05:21:00
FDB-0344,LSV-0244,BKG-002350,4,Worked well for our session.,2026-02-03 16:48:00
FDB-0345,LSV-0097,BKG-001056,3,Could be better maintained.,2026-01-25 21:45:00
FDB-0346,LSV-0199,BKG-002525,5,Very clean and quiet.,2026-02-04 09:42:00
FDB-0347,LSV-0210,BKG-002081,5,Excellent space.,2026-02-01 01:40:00
FDB-0348,LSV-0432,BKG-001439,2,Equipment issues.,2026-01-28 23:41:00
FDB-0349,LSV-0286,BKG-003117,4,Worked well for our session.,2026-02-07 17:59:00
FDB-0350,LSV-0314,BKG-000402,4,Minor issues but fine.,2026-01-21 17:06:00
FDB-0351,LSV-0399,BKG-004456,4,Minor issues but fine.,2026-02-17 19:33:00
FDB-0352,LSV-0369,BKG-003799,2,Too noisy nearby.,2026-02-12 19:38:00
FDB-0353,LSV-0032,BKG-003538,2,Too noisy nearby.,2026-02-12 03:40:00
FDB-0354,LSV-0282,BKG-003537,1,Could not use the space effectively.,2026-02-10 15:28:00
FDB-0355,LSV-0136,BKG-000813,5,Very clean and quiet.,2026-01-24 21:02:00
FDB-0356,LSV-0440,BKG-007459,5,Very clean and quiet.,2026-01-18 17:20:00
FDB-0357,LSV-0415,BKG-003301,4,Good overall.,2026-02-09 21:05:00
FDB-0358,LSV-0438,BKG-001799,4,Minor issues but fine.,2026-01-30 12:27:00
FDB-0359,LSV-0403,BKG-000186,3,It was okay.,2026-01-20 14:35:00
FDB-0360,LSV-0349,BKG-003111,3,It was okay.,2026-02-06 18:24:00
FDB-0361,LSV-0356,BKG-000155,4,Good overall.,2026-01-21 07:37:00
FDB-0362,LSV-0084,BKG-007409,2,Not very comfortable.,2026-02-08 17:03:00
FDB-0363,LSV-0137,BKG-004233,5,Excellent space.,2026-02-15 09:24:00
FDB-0364,LSV-0069,BKG-007301,4,Good overall.,2026-01-31 22:29:00
FDB-0365,LSV-0415,BKG-003893,4,Minor issues but fine.,2026-02-13 13:38:00
FDB-0366,LSV-0331,BKG-003641,5,Excellent space.,2026-02-11 03:53:00
FDB-0367,LSV-0306,BKG-000873,2,Too noisy nearby.,2026-01-24 01:04:00
FDB-0368,LSV-0311,BKG-000469,5,Great setup and amenities.,2026-01-22 03:37:00
FDB-0369,LSV-0090,BKG-007097,4,Minor issues but fine.,2026-02-15 12:21:00
FDB-0370,LSV-0312,BKG-003044,5,Great setup and amenities.,2026-02-07 20:39:00
FDB-0371,LSV-0150,BKG-001109,5,Excellent space.,2026-01-26 03:14:00
FDB-0372,LSV-0414,BKG-000675,5,Great setup and amenities.,2026-01-23 14:09:00
FDB-0373,LSV-0268,BKG-004578,5,Very clean and quiet.,2026-02-17 21:58:00
FDB-0374,LSV-0435,BKG-003009,5,Very clean and quiet.,2026-02-07 12:51:00
FDB-0375,LSV-0268,BKG-004478,5,Very clean and quiet.,2026-02-17 10:24:00
FDB-0376,LSV-0442,BKG-001065,5,Great setup and amenities.,2026-01-25 10:51:00
FDB-0377,LSV-0262,BKG-002395,4,Worked well for our session.,2026-02-03 22:06:00
FDB-0378,LSV-0038,BKG-000838,4,Minor issues but fine.,2026-01-25 01:08:00
FDB-0379,LSV-0266,BKG-000704,5,Great setup and amenities.,2026-01-23 16:30:00
FDB-0380,LSV-0291,BKG-003235,5,Very clean and quiet.,2026-02-07 23:02:00
FDB-0381,LSV-0280,BKG-003655,3,Could be better maintained.,2026-02-11 13:18:00
FDB-0382,LSV-0390,BKG-003954,1,Needs urgent maintenance.,2026-02-13 10:13:00
FDB-0383,LSV-0175,BKG-000657,5,Great setup and amenities.,2026-01-23 04:01:00
FDB-0384,LSV-0063,BKG-000344,1,Needs urgent maintenance.,2026-01-20 22:14:00
FDB-0385,LSV-0437,BKG-004428,5,Very clean and quiet.,2026-02-17 16:13:00
FDB-0386,LSV-0033,BKG-001519,5,Great setup and amenities.,2026-01-27 20:55:00
FDB-0387,LSV-0248,BKG-003737,5,Excellent space.,2026-02-12 06:47:00
FDB-0388,LSV-0081,BKG-000663,4,Worked well for our session.,2026-01-23 01:32:00
FDB-0389,LSV-0366,BKG-004196,5,Excellent space.,2026-02-15 00:22:00
FDB-0390,LSV-0393,BKG-001371,4,Worked well for our session.,2026-01-27 10:26:00
FDB-0391,LSV-0174,BKG-007138,4,Minor issues but fine.,2026-01-23 12:05:00
FDB-0392,LSV-0359,BKG-003960,3,It was okay.,2026-02-13 21:56:00
FDB-0393,LSV-0290,BKG-002792,4,Good overall.,2026-02-06 07:00:00
FDB-0394,LSV-0403,BKG-007063,5,Very clean and quiet.,2026-01-26 06:36:00
FDB-0395,LSV-0063,BKG-003856,4,Good overall.,2026-02-12 03:04:00
FDB-0396,LSV-0258,BKG-007453,3,Average experience.,2026-01-18 17:52:00
FDB-0397,LSV-0030,BKG-002443,4,Worked well for our session.,2026-02-02 19:45:00
FDB-0398,LSV-0145,BKG-000240,3,It was okay.,2026-01-19 21:20:00
FDB-0399,LSV-0095,BKG-000948,1,Needs urgent maintenance.,2026-01-25 16:55:00
FDB-0400,LSV-0152,BKG-000441,4,Minor issues but fine.,2026-01-21 18:55:00
FDB-0401,LSV-0057,BKG-003249,5,Excellent space.,2026-02-08 21:51:00
FDB-0402,LSV-0113,BKG-003307,3,Could be better maintained.,2026-02-09 05:52:00
FDB-0403,LSV-0175,BKG-001798,4,Good overall.,2026-01-30 13:57:00
FDB-0404,LSV-0098,BKG-003533,4,Minor issues but fine.,2026-02-11 00:15:00
FDB-0405,LSV-0217,BKG-003683,2,Equipment issues.,2026-02-11 04:25:00
FDB-0406,LSV-0132,BKG-003227,3,It was okay.,2026-02-07 21:45:00
FDB-0407,LSV-0146,BKG-003145,3,Average experience.,2026-02-07 13:07:00
FDB-0408,LSV-0333,BKG-004422,2,Not very comfortable.,2026-02-16 21:17:00
FDB-0409,LSV-0106,BKG-000574,4,Good overall.,2026-01-21 23:25:00
FDB-0410,LSV-0097,BKG-003546,4,Good overall.,2026-02-11 21:48:00
FDB-0411,LSV-0096,BKG-000723,5,Great setup and amenities.,2026-01-24 08:23:00
FDB-0412,LSV-0386,BKG-007244,3,Could be better maintained.,2026-01-19 07:39:00
FDB-0413,LSV-0204,BKG-003171,5,Very clean and quiet.,2026-02-08 20:26:00
FDB-0414,LSV-0071,BKG-001227,3,It was okay.,2026-01-28 01:24:00
FDB-0415,LSV-0356,BKG-003587,5,Very clean and quiet.,2026-02-11 01:56:00
FDB-0416,LSV-0335,BKG-002093,4,Good overall.,2026-02-01 07:45:00
FDB-0417,LSV-0094,BKG-001727,5,Great setup and amenities.,2026-01-29 19:38:00
FDB-0418,LSV-0193,BKG-007184,4,Minor issues but fine.,2026-02-15 22:57:00
FDB-0419,LSV-0024,BKG-001185,5,Great setup and amenities.,2026-01-26 07:16:00
FDB-0420,LSV-0272,BKG-000751,5,Excellent space.,2026-01-23 00:26:00
FDB-0421,LSV-0274,BKG-001087,5,Great setup and amenities.,2026-01-26 08:19:00
FDB-0422,LSV-0294,BKG-001414,3,It was okay.,2026-01-29 01:41:00
FDB-0423,LSV-0057,BKG-004328,5,Excellent space.,2026-02-17 06:52:00
FDB-0424,LSV-0069,BKG-001300,4,Worked well for our session.,2026-01-27 02:09:00
FDB-0425,LSV-0128,BKG-001461,2,Too noisy nearby.,2026-01-28 04:13:00
FDB-0426,LSV-0017,BKG-002075,2,Not very comfortable.,2026-02-01 05:50:00
FDB-0427,LSV-0276,BKG-001197,3,Could be better maintained.,2026-01-25 18:06:00
FDB-0428,LSV-0272,BKG-003120,4,Minor issues but fine.,2026-02-07 19:04:00
FDB-0429,LSV-0348,BKG-003502,5,Great setup and amenities.,2026-02-11 04:37:00
FDB-0430,LSV-0089,BKG-002272,3,It was okay.,2026-02-03 00:25:00
FDB-0431,LSV-0425,BKG-004528,3,It was okay.,2026-02-18 03:29:00
FDB-0432,LSV-0160,BKG-003437,2,Too noisy nearby.,2026-02-10 18:07:00
FDB-0433,LSV-0210,BKG-002608,5,Excellent space.,2026-02-03 20:25:00
FDB-0434,LSV-0372,BKG-003109,3,It was okay.,2026-02-07 17:56:00
FDB-0435,LSV-0036,BKG-003390,5,Very clean and quiet.,2026-02-11 03:53:00
FDB-0436,LSV-0361,BKG-002757,5,Excellent space.,2026-02-05 09:49:00
FDB-0437,LSV-0234,BKG-003793,3,Could be better maintained.,2026-02-12 17:58:00
FDB-0438,LSV-0068,BKG-002663,2,Not very comfortable.,2026-02-06 05:39:00
FDB-0439,LSV-0228,BKG-001557,4,Worked well for our session.,2026-01-29 07:07:00
FDB-0440,LSV-0420,BKG-002950,4,Minor issues but fine.,2026-02-06 22:18:00
FDB-0441,LSV-0135,BKG-004425,4,Worked well for our session.,2026-02-16 12:17:00
FDB-0442,LSV-0291,BKG-004274,4,Minor issues but fine.,2026-02-14 19:42:00
FDB-0443,LSV-0371,BKG-004220,5,Great setup and amenities.,2026-02-15 12:05:00
FDB-0444,LSV-0254,BKG-000143,4,Worked well for our session.,2026-01-20 11:54:00
FDB-0445,LSV-0232,BKG-007363,4,Minor issues but fine.,2026-02-02 23:02:00
FDB-0446,LSV-0057,BKG-001336,4,Minor issues but fine.,2026-01-26 18:46:00
FDB-0447,LSV-0021,BKG-001912,4,Good overall.,2026-01-31 23:16:00
FDB-0448,LSV-0416,BKG-000833,5,Very clean and quiet.,2026-01-24 09:40:00
FDB-0449,LSV-0237,BKG-007403,4,Worked well for our session.,2026-01-21 04:50:00
FDB-0450,LSV-0316,BKG-001744,5,Great setup and amenities.,2026-01-30 05:48:00
FDB-0451,LSV-0158,BKG-004144,2,Equipment issues.,2026-02-14 11:06:00
FDB-0452,LSV-0089,BKG-002958,5,Excellent space.,2026-02-06 20:07:00
FDB-0453,LSV-0128,BKG-000734,1,Needs urgent maintenance.,2026-01-23 17:14:00
FDB-0454,LSV-0061,BKG-001378,4,Worked well for our session.,2026-01-28 19:45:00
FDB-0455,LSV-0256,BKG-000659,5,Very clean and quiet.,2026-01-23 14:07:00
FDB-0456,LSV-0122,BKG-003754,5,Excellent space.,2026-02-12 10:47:00
FDB-0457,LSV-0297,BKG-004325,3,Could be better maintained.,2026-02-17 06:30:00
FDB-0458,LSV-0322,BKG-000773,4,Minor issues but fine.,2026-01-24 00:46:00
FDB-0459,LSV-0220,BKG-003985,5,Excellent space.,2026-02-13 05:18:00
FDB-0460,LSV-0066,BKG-004064,5,Excellent space.,2026-02-14 08:47:00
FDB-0461,LSV-0128,BKG-001749,5,Very clean and quiet.,2026-01-30 05:42:00
FDB-0462,LSV-0234,BKG-000567,2,Too noisy nearby.,2026-01-22 05:30:00
FDB-0463,LSV-0132,BKG-001722,5,Very clean and quiet.,2026-01-29 12:01:00
FDB-0464,LSV-0105,BKG-002368,3,It was okay.,2026-02-03 15:34:00
FDB-0465,LSV-0139,BKG-003814,4,Minor issues but fine.,2026-02-12 04:03:00
FDB-0466,LSV-0148,BKG-004071,3,Could be better maintained.,2026-02-14 07:18:00
FDB-0467,LSV-0151,BKG-003748,2,Too noisy nearby.,2026-02-13 01:14:00
FDB-0468,LSV-0228,BKG-003490,5,Very clean and quiet.,2026-02-11 03:45:00
FDB-0469,LSV-0417,BKG-007245,5,Very clean and quiet.,2026-02-01 17:34:00
FDB-0470,LSV-0047,BKG-003663,2,Not very comfortable.,2026-02-12 03:30:00
FDB-0471,LSV-0167,BKG-001563,4,Worked well for our session.,2026-01-30 08:13:00
FDB-0472,LSV-0128,BKG-000203,5,Very clean and quiet.,2026-01-20 09:22:00
FDB-0473,LSV-0049,BKG-000666,4,Minor issues but fine.,2026-01-23 06:15:00
FDB-0474,LSV-0084,BKG-004459,3,It was okay.,2026-02-18 03:38:00
FDB-0475,LSV-0248,BKG-000933,4,Worked well for our session.,2026-01-25 01:37:00
FDB-0476,LSV-0289,BKG-001183,4,Minor issues but fine.,2026-01-26 06:19:00
FDB-0477,LSV-0050,BKG-000485,5,Great setup and amenities.,2026-01-22 15:12:00
FDB-0478,LSV-0409,BKG-001157,4,Good overall.,2026-01-26 15:20:00
FDB-0479,LSV-0290,BKG-002989,4,Worked well for our session.,2026-02-06 19:35:00
FDB-0480,LSV-0226,BKG-000512,4,Minor issues but fine.,2026-01-22 19:30:00
FDB-0481,LSV-0283,BKG-007492,1,Poor experience.,2026-02-09 05:33:00
FDB-0482,LSV-0306,BKG-000568,4,Worked well for our session.,2026-01-21 18:47:00
FDB-0483,LSV-0130,BKG-004314,4,Worked well for our session.,2026-02-17 04:28:00
FDB-0484,LSV-0128,BKG-007202,4,Worked well for our session.,2026-02-15 21:53:00
FDB-0485,LSV-0111,BKG-003394,2,Not very comfortable.,2026-02-11 00:27:00
FDB-0486,LSV-0072,BKG-003440,5,Excellent space.,2026-02-10 03:08:00
FDB-0487,LSV-0114,BKG-007240,2,Not very comfortable.,2026-01-24 19:34:00
FDB-0488,LSV-0097,BKG-004367,5,Excellent space.,2026-02-17 03:24:00
FDB-0489,LSV-0238,BKG-001518,5,Very clean and quiet.,2026-01-28 09:34:00
FDB-0490,LSV-0142,BKG-003825,5,Excellent space.,2026-02-12 06:14:00
FDB-0491,LSV-0436,BKG-000534,3,Average experience.,2026-01-22 17:16:00
FDB-0492,LSV-0394,BKG-001059,4,Good overall.,2026-01-25 14:24:00
FDB-0493,LSV-0137,BKG-004564,2,Too noisy nearby.,2026-02-17 23:36:00
FDB-0494,LSV-0447,BKG-000270,5,Very clean and quiet.,2026-01-19 13:53:00
FDB-0495,LSV-0186,BKG-004402,5,Great setup and amenities.,2026-02-16 05:05:00
FDB-0496,LSV-0202,BKG-001016,5,Great setup and amenities.,2026-01-26 01:26:00
FDB-0497,LSV-0102,BKG-003198,5,Great setup and amenities.,2026-02-08 15:53:00
FDB-0498,LSV-0178,BKG-000879,5,Excellent space.,2026-01-24 04:09:00
FDB-0499,LSV-0356,BKG-007107,5,Excellent space.,2026-02-08 22:05:00
FDB-0500,LSV-0449,BKG-003693,5,Excellent space.,2026-02-11 18:39:00
FDB-0501,LSV-0442,BKG-007373,5,Great setup and amenities.,2026-01-19 07:49:00
FDB-0502,LSV-0382,BKG-001267,5,Great setup and amenities.,2026-01-27 11:32:00
FDB-0503,LSV-0362,BKG-004128,4,Minor issues but fine.,2026-02-14 16:08:00
FDB-0504,LSV-0153,BKG-002153,3,Could be better maintained.,2026-02-01 03:14:00
FDB-0505,LSV-0164,BKG-007418,5,Great setup and amenities.,2026-02-16 12:48:00
FDB-0506,LSV-0227,BKG-000993,5,Great setup and amenities.,2026-01-25 15:01:00
FDB-0507,LSV-0064,BKG-004505,4,Good overall.,2026-02-17 23:37:00
FDB-0508,LSV-0286,BKG-001472,5,Excellent space.,2026-01-27 20:12:00
FDB-0509,LSV-0400,BKG-003592,5,Excellent space.,2026-02-10 15:43:00
FDB-0510,LSV-0258,BKG-007491,4,Worked well for our session.,2026-02-17 03:47:00
FDB-0511,LSV-0353,BKG-007007,3,Could be better maintained.,2026-02-02 20:38:00
FDB-0512,LSV-0069,BKG-000553,4,Minor issues but fine.,2026-01-22 22:28:00
FDB-0513,LSV-0282,BKG-002210,4,Minor issues but fine.,2026-02-02 03:48:00
FDB-0514,LSV-0145,BKG-001195,2,Too noisy nearby.,2026-01-26 11:50:00
FDB-0515,LSV-0410,BKG-000637,4,Minor issues but fine.,2026-01-23 15:22:00
FDB-0516,LSV-0156,BKG-000036,5,Excellent space.,2026-01-19 08:42:00
FDB-0517,LSV-0110,BKG-003314,5,Excellent space.,2026-02-09 01:14:00
FDB-0518,LSV-0376,BKG-002474,4,Good overall.,2026-02-04 04:44:00
FDB-0519,LSV-0301,BKG-000214,4,Good overall.,2026-01-21 09:41:00
FDB-0520,LSV-0035,BKG-003154,4,Good overall.,2026-02-08 16:03:00
FDB-0521,LSV-0139,BKG-001831,5,Great setup and amenities.,2026-01-29 15:21:00
FDB-0522,LSV-0396,BKG-004466,5,Very clean and quiet.,2026-02-18 01:59:00
FDB-0523,LSV-0191,BKG-000798,5,Excellent space.,2026-01-22 23:12:00
FDB-0524,LSV-0082,BKG-003045,3,Average experience.,2026-02-06 12:01:00
FDB-0525,LSV-0312,BKG-003444,4,Good overall.,2026-02-10 05:09:00
FDB-0526,LSV-0433,BKG-002041,4,Minor issues but fine.,2026-01-31 19:43:00
FDB-0527,LSV-0124,BKG-000839,4,Good overall.,2026-01-24 11:37:00
FDB-0528,LSV-0054,BKG-001468,4,Worked well for our session.,2026-01-28 20:21:00
FDB-0529,LSV-0351,BKG-002638,5,Great setup and amenities.,2026-02-06 03:25:00
FDB-0530,LSV-0164,BKG-003203,2,Not very comfortable.,2026-02-09 04:35:00
FDB-0531,LSV-0435,BKG-000893,4,Worked well for our session.,2026-01-24 12:35:00
FDB-0532,LSV-0136,BKG-000670,4,Good overall.,2026-01-24 07:28:00
FDB-0533,LSV-0320,BKG-000818,3,It was okay.,2026-01-23 16:04:00
FDB-0534,LSV-0238,BKG-004351,4,Minor issues but fine.,2026-02-16 04:54:00
FDB-0535,LSV-0207,BKG-000390,4,Worked well for our session.,2026-01-21 04:42:00
FDB-0536,LSV-0322,BKG-002047,4,Minor issues but fine.,2026-01-31 19:22:00
FDB-0537,LSV-0205,BKG-002900,4,Minor issues but fine.,2026-02-06 20:46:00
FDB-0538,LSV-0250,BKG-003330,4,Worked well for our session.,2026-02-09 14:43:00
FDB-0539,LSV-0315,BKG-001358,4,Good overall.,2026-01-27 11:59:00
FDB-0540,LSV-0021,BKG-000891,4,Minor issues but fine.,2026-01-23 21:27:00
FDB-0541,LSV-0123,BKG-002644,2,Not very comfortable.,2026-02-05 22:06:00
FDB-0542,LSV-0192,BKG-002317,4,Worked well for our session.,2026-02-03 10:55:00
FDB-0543,LSV-0194,BKG-003691,4,Good overall.,2026-02-11 00:35:00
FDB-0544,LSV-0340,BKG-004514,4,Worked well for our session.,2026-02-17 17:18:00
FDB-0545,LSV-0230,BKG-001883,5,Great setup and amenities.,2026-01-30 04:05:00
FDB-0546,LSV-0252,BKG-000676,2,Equipment issues.,2026-01-24 01:34:00
FDB-0547,LSV-0131,BKG-002538,5,Very clean and quiet.,2026-02-04 03:17:00
FDB-0548,LSV-0325,BKG-003385,5,Very clean and quiet.,2026-02-09 19:32:00
FDB-0549,LSV-0080,BKG-003913,4,Minor issues but fine.,2026-02-13 15:49:00
FDB-0550,LSV-0146,BKG-003567,3,Average experience.,2026-02-11 03:16:00
FDB-0551,LSV-0327,BKG-004257,5,Very clean and quiet.,2026-02-15 04:46:00
FDB-0552,LSV-0207,BKG-004130,3,Could be better maintained.,2026-02-13 12:13:00
FDB-0553,LSV-0100,BKG-007289,5,Great setup and amenities.,2026-02-15 15:14:00
FDB-0554,LSV-0126,BKG-000194,5,Great setup and amenities.,2026-01-21 09:51:00
FDB-0555,LSV-0400,BKG-000355,1,Poor experience.,2026-01-22 07:06:00
FDB-0556,LSV-0447,BKG-000718,2,Too noisy nearby.,2026-01-23 06:19:00
FDB-0557,LSV-0172,BKG-000216,5,Very clean and quiet.,2026-01-21 09:16:00
FDB-0558,LSV-0224,BKG-002671,4,Good overall.,2026-02-04 22:10:00
FDB-0559,LSV-0133,BKG-002820,3,Average experience.,2026-02-07 03:22:00
FDB-0560,LSV-0110,BKG-002083,3,Average experience.,2026-02-01 10:49:00
FDB-0561,LSV-0079,BKG-002555,2,Equipment issues.,2026-02-03 23:09:00
FDB-0562,LSV-0370,BKG-002578,5,Excellent space.,2026-02-04 03:52:00
FDB-0563,LSV-0208,BKG-007455,5,Excellent space.,2026-02-01 07:13:00
FDB-0564,LSV-0418,BKG-003006,5,Great setup and amenities.,2026-02-07 10:56:00
FDB-0565,LSV-0369,BKG-003742,3,Average experience.,2026-02-12 15:25:00
FDB-0566,LSV-0449,BKG-003325,4,Minor issues but fine.,2026-02-09 13:16:00
FDB-0567,LSV-0369,BKG-000176,5,Excellent space.,2026-01-19 17:18:00
FDB-0568,LSV-0104,BKG-007134,3,Could be better maintained.,2026-02-16 08:28:00
FDB-0569,LSV-0149,BKG-002060,5,Excellent space.,2026-02-01 02:35:00
FDB-0570,LSV-0079,BKG-001670,5,Great setup and amenities.,2026-01-29 08:15:00
FDB-0571,LSV-0046,BKG-007100,4,Minor issues but fine.,2026-02-09 20:09:00
FDB-0572,LSV-0188,BKG-000308,5,Excellent space.,2026-01-21 16:00:00
FDB-0573,LSV-0061,BKG-004068,5,Very clean and quiet.,2026-02-14 18:57:00
FDB-0574,LSV-0200,BKG-002120,5,Very clean and quiet.,2026-02-01 22:22:00
FDB-0575,LSV-0236,BKG-001045,4,Minor issues but fine.,2026-01-24 23:53:00
FDB-0576,LSV-0188,BKG-001203,4,Worked well for our session.,2026-01-26 05:46:00
FDB-0577,LSV-0308,BKG-002161,5,Very clean and quiet.,2026-02-01 16:12:00
FDB-0578,LSV-0015,BKG-003886,4,Worked well for our session.,2026-02-12 15:58:00
FDB-0579,LSV-0020,BKG-003653,3,It was okay.,2026-02-11 18:58:00
FDB-0580,LSV-0309,BKG-002333,5,Very clean and quiet.,2026-02-04 02:59:00
FDB-0581,LSV-0022,BKG-001689,5,Very clean and quiet.,2026-01-29 00:58:00
FDB-0582,LSV-0035,BKG-003264,2,Too noisy nearby.,2026-02-09 01:18:00
FDB-0583,LSV-0380,BKG-000314,3,It was okay.,2026-01-21 11:18:00
FDB-0584,LSV-0113,BKG-002171,5,Great setup and amenities.,2026-02-02 13:57:00
FDB-0585,LSV-0165,BKG-007397,3,Could be better maintained.,2026-02-01 13:44:00
FDB-0586,LSV-0442,BKG-004214,4,Minor issues but fine.,2026-02-15 01:09:00
FDB-0587,LSV-0188,BKG-007118,4,Worked well for our session.,2026-02-02 19:59:00
FDB-0588,LSV-0271,BKG-001830,5,Great setup and amenities.,2026-01-30 16:25:00
FDB-0589,LSV-0029,BKG-001339,3,It was okay.,2026-01-27 06:51:00
FDB-0590,LSV-0421,BKG-002427,2,Too noisy nearby.,2026-02-03 23:23:00
FDB-0591,LSV-0404,BKG-003898,2,Equipment issues.,2026-02-12 17:03:00
FDB-0592,LSV-0396,BKG-000688,3,It was okay.,2026-01-24 03:56:00
FDB-0593,LSV-0311,BKG-001835,3,Average experience.,2026-01-30 10:53:00
FDB-0594,LSV-0058,BKG-001326,5,Great setup and amenities.,2026-01-27 04:39:00
FDB-0595,LSV-0013,BKG-003424,2,Not very comfortable.,2026-02-11 06:53:00
FDB-0596,LSV-0371,BKG-000104,5,Great setup and amenities.,2026-01-19 11:59:00
FDB-0597,LSV-0170,BKG-000031,3,It was okay.,2026-01-19 22:25:00
FDB-0598,LSV-0329,BKG-004427,5,Excellent space.,2026-02-17 14:48:00
FDB-0599,LSV-0182,BKG-001264,4,Good overall.,2026-01-27 00:01:00
FDB-0600,LSV-0314,BKG-002438,4,Good overall.,2026-02-03 07:34:00
FDB-0601,LSV-0345,BKG-004311,5,Great setup and amenities.,2026-02-16 20:15:00
FDB-0602,LSV-0064,BKG-003295,4,Good overall.,2026-02-09 16:29:00
FDB-0603,LSV-0376,BKG-003300,4,Worked well for our session.,2026-02-08 17:39:00
FDB-0604,LSV-0032,BKG-002856,3,Average experience.,2026-02-06 07:27:00
FDB-0605,LSV-0356,BKG-003869,3,Could be better maintained.,2026-02-12 18:45:00
FDB-0606,LSV-0024,BKG-002209,3,It was okay.,2026-02-02 22:34:00
FDB-0607,LSV-0261,BKG-001072,4,Minor issues but fine.,2026-01-25 21:20:00
FDB-0608,LSV-0188,BKG-003872,3,Could be better maintained.,2026-02-11 17:17:00
FDB-0609,LSV-0251,BKG-007127,5,Very clean and quiet.,2026-02-09 22:29:00
FDB-0610,LSV-0369,BKG-002691,3,It was okay.,2026-02-06 05:30:00
FDB-0611,LSV-0260,BKG-004279,5,Very clean and quiet.,2026-02-15 22:29:00
FDB-0612,LSV-0315,BKG-000997,4,Good overall.,2026-01-25 06:38:00
FDB-0613,LSV-0206,BKG-003402,5,Very clean and quiet.,2026-02-10 15:06:00
FDB-0614,LSV-0434,BKG-002507,1,Could not use the space effectively.,2026-02-04 08:29:00
FDB-0615,LSV-0439,BKG-002758,4,Minor issues but fine.,2026-02-06 09:00:00
FDB-0616,LSV-0165,BKG-003619,4,Minor issues but fine.,2026-02-11 18:28:00
FDB-0617,LSV-0047,BKG-003713,4,Minor issues but fine.,2026-02-12 16:17:00
FDB-0618,LSV-0058,BKG-000779,3,Could be better maintained.,2026-01-23 00:42:00
FDB-0619,LSV-0057,BKG-002300,5,Great setup and amenities.,2026-02-02 14:57:00
FDB-0620,LSV-0173,BKG-002795,2,Equipment issues.,2026-02-04 23:23:00
FDB-0621,LSV-0338,BKG-001678,5,Excellent space.,2026-01-29 00:07:00
FDB-0622,LSV-0281,BKG-007015,3,Average experience.,2026-02-02 02:48:00
FDB-0623,LSV-0390,BKG-007211,3,It was okay.,2026-02-09 03:00:00
FDB-0624,LSV-0037,BKG-001348,3,Average experience.,2026-01-27 03:16:00
FDB-0625,LSV-0384,BKG-004075,5,Excellent space.,2026-02-14 07:56:00
FDB-0626,LSV-0129,BKG-000582,1,Needs urgent maintenance.,2026-01-22 07:13:00
FDB-0627,LSV-0056,BKG-003076,3,Average experience.,2026-02-07 06:42:00
FDB-0628,LSV-0098,BKG-007472,4,Good overall.,2026-02-09 04:47:00
FDB-0629,LSV-0268,BKG-002386,3,Average experience.,2026-02-03 00:45:00
FDB-0630,LSV-0094,BKG-000651,5,Great setup and amenities.,2026-01-23 05:57:00
FDB-0631,LSV-0209,BKG-002731,5,Excellent space.,2026-02-05 02:09:00
FDB-0632,LSV-0320,BKG-002912,5,Great setup and amenities.,2026-02-06 09:51:00
FDB-0633,LSV-0155,BKG-001699,4,Worked well for our session.,2026-01-29 07:41:00
FDB-0634,LSV-0118,BKG-004343,5,Excellent space.,2026-02-16 10:14:00
FDB-0635,LSV-0108,BKG-001172,5,Excellent space.,2026-01-26 22:53:00
FDB-0636,LSV-0171,BKG-000546,5,Great setup and amenities.,2026-01-22 12:28:00
FDB-0637,LSV-0402,BKG-001099,4,Worked well for our session.,2026-01-26 13:10:00
FDB-0638,LSV-0018,BKG-003454,5,Excellent space.,2026-02-10 11:36:00
FDB-0639,LSV-0409,BKG-001380,4,Worked well for our session.,2026-01-27 19:46:00
FDB-0640,LSV-0372,BKG-003531,5,Great setup and amenities.,2026-02-09 15:12:00
FDB-0641,LSV-0432,BKG-007324,4,Worked well for our session.,2026-01-19 21:59:00
FDB-0642,LSV-0278,BKG-003761,5,Excellent space.,2026-02-12 07:08:00
FDB-0643,LSV-0229,BKG-000923,4,Minor issues but fine.,2026-01-25 07:51:00
FDB-0644,LSV-0208,BKG-002366,3,It was okay.,2026-02-03 19:39:00
FDB-0645,LSV-0377,BKG-002571,4,Worked well for our session.,2026-02-03 19:04:00
FDB-0646,LSV-0041,BKG-007106,4,Minor issues but fine.,2026-01-19 06:47:00
FDB-0647,LSV-0089,BKG-003179,4,Minor issues but fine.,2026-02-08 21:58:00
FDB-0648,LSV-0109,BKG-000335,3,Could be better maintained.,2026-01-21 12:37:00
FDB-0649,LSV-0389,BKG-003561,5,Very clean and quiet.,2026-02-11 12:42:00
FDB-0650,LSV-0079,BKG-002385,4,Worked well for our session.,2026-02-03 10:54:00
FDB-0651,LSV-0371,BKG-007322,4,Good overall.,2026-01-31 08:55:00
FDB-0652,LSV-0227,BKG-001332,4,Worked well for our session.,2026-01-28 08:40:00
FDB-0653,LSV-0061,BKG-000680,5,Very clean and quiet.,2026-01-23 20:20:00
FDB-0654,LSV-0427,BKG-000617,5,Excellent space.,2026-01-22 11:18:00
FDB-0655,LSV-0254,BKG-004096,4,Minor issues but fine.,2026-02-14 08:12:00
FDB-0656,LSV-0033,BKG-001655,4,Minor issues but fine.,2026-01-30 06:51:00
FDB-0657,LSV-0063,BKG-007434,4,Minor issues but fine.,2026-02-08 04:41:00
FDB-0658,LSV-0234,BKG-000434,3,Could be better maintained.,2026-01-21 11:38:00
FDB-0659,LSV-0379,BKG-002026,5,Very clean and quiet.,2026-01-31 08:58:00
FDB-0660,LSV-0194,BKG-002046,4,Worked well for our session.,2026-02-01 00:07:00
FDB-0661,LSV-0355,BKG-007281,3,Average experience.,2026-01-27 04:40:00
FDB-0662,LSV-0041,BKG-000246,4,Worked well for our session.,2026-01-21 11:56:00
FDB-0663,LSV-0213,BKG-000881,3,It was okay.,2026-01-24 10:58:00
FDB-0664,LSV-0075,BKG-003773,5,Great setup and amenities.,2026-02-12 12:50:00
FDB-0665,LSV-0082,BKG-000572,1,Poor experience.,2026-01-22 16:17:00
FDB-0666,LSV-0414,BKG-001367,5,Very clean and quiet.,2026-01-27 02:20:00
FDB-0667,LSV-0361,BKG-003780,4,Worked well for our session.,2026-02-12 00:40:00
FDB-0668,LSV-0188,BKG-000565,4,Minor issues but fine.,2026-01-22 13:13:00
FDB-0669,LSV-0141,BKG-002629,4,Good overall.,2026-02-03 13:23:00
FDB-0670,LSV-0111,BKG-007082,4,Minor issues but fine.,2026-02-02 01:17:00
FDB-0671,LSV-0079,BKG-000093,5,Very clean and quiet.,2026-01-18 20:33:00
FDB-0672,LSV-0269,BKG-001161,3,Could be better maintained.,2026-01-26 13:49:00
FDB-0673,LSV-0335,BKG-001730,5,Great setup and amenities.,2026-01-30 22:15:00
FDB-0674,LSV-0225,BKG-007049,2,Not very comfortable.,2026-02-15 05:11:00
FDB-0675,LSV-0020,BKG-003259,4,Minor issues but fine.,2026-02-09 20:36:00
FDB-0676,LSV-0229,BKG-001395,4,Minor issues but fine.,2026-01-28 09:56:00
FDB-0677,LSV-0140,BKG-003883,4,Worked well for our session.,2026-02-12 13:59:00
FDB-0678,LSV-0147,BKG-004278,4,Minor issues but fine.,2026-02-14 20:33:00
FDB-0679,LSV-0402,BKG-007078,5,Great setup and amenities.,2026-02-01 15:00:00
FDB-0680,LSV-0136,BKG-001893,3,Could be better maintained.,2026-01-30 19:01:00
FDB-0681,LSV-0240,BKG-001446,1,Poor experience.,2026-01-28 18:54:00
FDB-0682,LSV-0126,BKG-007442,1,Could not use the space effectively.,2026-01-31 23:59:00
FDB-0683,LSV-0076,BKG-007192,4,Minor issues but fine.,2026-02-15 09:29:00
FDB-0684,LSV-0079,BKG-002996,5,Very clean and quiet.,2026-02-07 15:37:00
FDB-0685,LSV-0023,BKG-002600,4,Good overall.,2026-02-04 19:55:00
FDB-0686,LSV-0120,BKG-002514,4,Minor issues but fine.,2026-02-04 12:34:00
FDB-0687,LSV-0088,BKG-001993,5,Great setup and amenities.,2026-01-31 18:08:00
FDB-0688,LSV-0160,BKG-003302,5,Excellent space.,2026-02-09 21:40:00
FDB-0689,LSV-0410,BKG-002413,5,Very clean and quiet.,2026-02-03 04:44:00
FDB-0690,LSV-0072,BKG-000634,4,Minor issues but fine.,2026-01-23 14:53:00
FDB-0691,LSV-0410,BKG-000701,5,Excellent space.,2026-01-23 02:25:00
FDB-0692,LSV-0216,BKG-002712,4,Good overall.,2026-02-04 23:24:00
FDB-0693,LSV-0428,BKG-002021,3,Could be better maintained.,2026-01-30 18:33:00
FDB-0694,LSV-0127,BKG-001288,4,Minor issues but fine.,2026-01-27 09:32:00
FDB-0695,LSV-0386,BKG-001918,5,Excellent space.,2026-01-31 10:45:00
FDB-0696,LSV-0412,BKG-001946,5,Very clean and quiet.,2026-01-30 20:45:00
FDB-0697,LSV-0345,BKG-003577,3,It was okay.,2026-02-11 15:22:00
FDB-0698,LSV-0185,BKG-000633,4,Good overall.,2026-01-23 06:11:00
FDB-0699,LSV-0415,BKG-002595,3,Average experience.,2026-02-04 05:46:00
FDB-0700,LSV-0217,BKG-002268,4,Good overall.,2026-02-01 23:50:00
FDB-0701,LSV-0271,BKG-002324,2,Too noisy nearby.,2026-02-03 02:37:00
FDB-0702,LSV-0065,BKG-000048,4,Good overall.,2026-01-19 02:21:00
FDB-0703,LSV-0391,BKG-007229,5,Great setup and amenities.,2026-01-25 05:08:00
FDB-0704,LSV-0196,BKG-004436,4,Worked well for our session.,2026-02-16 20:38:00
FDB-0705,LSV-0375,BKG-001592,5,Very clean and quiet.,2026-01-30 01:28:00
FDB-0706,LSV-0039,BKG-003196,3,Could be better maintained.,2026-02-08 09:41:00
FDB-0707,LSV-0167,BKG-004599,4,Good overall.,2026-02-16 19:19:00
FDB-0708,LSV-0415,BKG-003847,5,Very clean and quiet.,2026-02-12 18:25:00
FDB-0709,LSV-0215,BKG-000098,4,Worked well for our session.,2026-01-19 05:28:00
FDB-0710,LSV-0346,BKG-001004,4,Worked well for our session.,2026-01-25 15:15:00
FDB-0711,LSV-0432,BKG-004463,5,Excellent space.,2026-02-16 23:06:00
FDB-0712,LSV-0208,BKG-002285,4,Good overall.,2026-02-03 20:01:00
FDB-0713,LSV-0413,BKG-002109,5,Excellent space.,2026-01-31 12:00:00
FDB-0714,LSV-0059,BKG-003848,3,Average experience.,2026-02-12 08:23:00
FDB-0715,LSV-0035,BKG-001048,5,Great setup and amenities.,2026-01-25 09:52:00
FDB-0716,LSV-0157,BKG-001911,4,Worked well for our session.,2026-01-30 19:26:00
FDB-0717,LSV-0026,BKG-001792,4,Worked well for our session.,2026-01-30 20:49:00
FDB-0718,LSV-0314,BKG-004065,5,Very clean and quiet.,2026-02-14 06:15:00
FDB-0719,LSV-0201,BKG-003129,4,Worked well for our session.,2026-02-08 10:56:00
FDB-0720,LSV-0382,BKG-000981,3,It was okay.,2026-01-25 02:55:00
FDB-0721,LSV-0223,BKG-000626,5,Very clean and quiet.,2026-01-24 07:03:00
FDB-0722,LSV-0363,BKG-004080,3,Could be better maintained.,2026-02-13 23:54:00
FDB-0723,LSV-0013,BKG-000223,5,Great setup and amenities.,2026-01-20 00:48:00
FDB-0724,LSV-0141,BKG-003423,5,Excellent space.,2026-02-10 07:11:00
FDB-0725,LSV-0269,BKG-002547,5,Great setup and amenities.,2026-02-04 23:28:00
FDB-0726,LSV-0388,BKG-004249,4,Good overall.,2026-02-14 15:29:00
FDB-0727,LSV-0091,BKG-002097,4,Worked well for our session.,2026-02-02 03:28:00
FDB-0728,LSV-0155,BKG-001803,5,Excellent space.,2026-01-30 22:04:00
FDB-0729,LSV-0050,BKG-000705,3,Could be better maintained.,2026-01-23 09:08:00
FDB-0730,LSV-0085,BKG-002809,5,Very clean and quiet.,2026-02-05 18:41:00
FDB-0731,LSV-0097,BKG-004101,4,Good overall.,2026-02-14 16:37:00
FDB-0732,LSV-0092,BKG-007470,5,Very clean and quiet.,2026-01-26 23:21:00
FDB-0733,LSV-0356,BKG-004294,4,Minor issues but fine.,2026-02-15 17:22:00
FDB-0734,LSV-0401,BKG-000204,3,Average experience.,2026-01-19 21:24:00
FDB-0735,LSV-0035,BKG-003496,5,Great setup and amenities.,2026-02-10 15:20:00
FDB-0736,LSV-0159,BKG-002870,5,Very clean and quiet.,2026-02-06 23:51:00
FDB-0737,LSV-0300,BKG-004364,4,Worked well for our session.,2026-02-16 04:15:00
FDB-0738,LSV-0325,BKG-001717,4,Good overall.,2026-01-28 16:03:00
FDB-0739,LSV-0337,BKG-000985,5,Great setup and amenities.,2026-01-25 10:51:00
FDB-0740,LSV-0306,BKG-002087,5,Great setup and amenities.,2026-02-01 22:18:00
FDB-0741,LSV-0420,BKG-004288,4,Good overall.,2026-02-15 02:55:00
FDB-0742,LSV-0235,BKG-007037,5,Very clean and quiet.,2026-02-01 05:44:00
FDB-0743,LSV-0341,BKG-001847,5,Excellent space.,2026-01-31 00:08:00
FDB-0744,LSV-0363,BKG-003050,4,Worked well for our session.,2026-02-07 21:18:00
FDB-0745,LSV-0035,BKG-000187,4,Good overall.,2026-01-20 10:04:00
FDB-0746,LSV-0408,BKG-000976,4,Minor issues but fine.,2026-01-25 14:32:00
FDB-0747,LSV-0268,BKG-000691,4,Worked well for our session.,2026-01-23 12:25:00
FDB-0748,LSV-0233,BKG-002127,4,Worked well for our session.,2026-01-31 22:46:00
FDB-0749,LSV-0260,BKG-002147,4,Minor issues but fine.,2026-02-02 00:57:00
FDB-0750,LSV-0217,BKG-001737,4,Good overall.,2026-01-31 00:44:00
FDB-0751,LSV-0409,BKG-002997,1,Poor experience.,2026-02-07 11:30:00
FDB-0752,LSV-0029,BKG-007275,2,Equipment issues.,2026-01-25 04:22:00
FDB-0753,LSV-0020,BKG-001551,4,Good overall.,2026-01-28 22:50:00
FDB-0754,LSV-0361,BKG-003925,3,Average experience.,2026-02-14 04:19:00
FDB-0755,LSV-0100,BKG-003787,4,Worked well for our session.,2026-02-12 14:02:00
FDB-0756,LSV-0401,BKG-001232,4,Good overall.,2026-01-28 02:50:00
FDB-0757,LSV-0355,BKG-000389,4,Minor issues but fine.,2026-01-21 13:40:00
FDB-0758,LSV-0251,BKG-003556,4,Minor issues but fine.,2026-02-11 08:48:00
FDB-0759,LSV-0077,BKG-000298,4,Minor issues but fine.,2026-01-21 11:07:00
FDB-0760,LSV-0171,BKG-003257,1,Could not use the space effectively.,2026-02-09 00:39:00
FDB-0761,LSV-0313,BKG-000739,5,Very clean and quiet.,2026-01-23 07:01:00
FDB-0762,LSV-0070,BKG-001400,4,Minor issues but fine.,2026-01-29 08:56:00
FDB-0763,LSV-0296,BKG-002647,5,Excellent space.,2026-02-05 21:24:00
FDB-0764,LSV-0354,BKG-004069,5,Very clean and quiet.,2026-02-14 04:09:00
FDB-0765,LSV-0218,BKG-000462,4,Worked well for our session.,2026-01-22 03:28:00
FDB-0766,LSV-0315,BKG-007270,4,Worked well for our session.,2026-02-10 06:30:00
FDB-0767,LSV-0290,BKG-004476,3,Average experience.,2026-02-16 18:41:00
FDB-0768,LSV-0419,BKG-003999,1,Could not use the space effectively.,2026-02-12 19:31:00
FDB-0769,LSV-0087,BKG-003261,2,Equipment issues.,2026-02-09 04:23:00
FDB-0770,LSV-0305,BKG-002881,5,Excellent space.,2026-02-06 23:06:00
FDB-0771,LSV-0250,BKG-000854,4,Good overall.,2026-01-24 00:10:00
FDB-0772,LSV-0282,BKG-000886,4,Minor issues but fine.,2026-01-24 08:04:00
FDB-0773,LSV-0360,BKG-001209,5,Great setup and amenities.,2026-01-27 12:39:00
FDB-0774,LSV-0121,BKG-003292,5,Very clean and quiet.,2026-02-09 16:04:00
FDB-0775,LSV-0023,BKG-001822,5,Excellent space.,2026-01-30 11:39:00
FDB-0776,LSV-0224,BKG-000377,5,Excellent space.,2026-01-21 20:28:00
FDB-0777,LSV-0016,BKG-000621,3,Average experience.,2026-01-23 00:00:00
FDB-0778,LSV-0087,BKG-003113,3,Could be better maintained.,2026-02-07 23:20:00
FDB-0779,LSV-0340,BKG-000057,5,Very clean and quiet.,2026-01-19 09:06:00
FDB-0780,LSV-0300,BKG-001480,4,Worked well for our session.,2026-01-28 11:01:00
FDB-0781,LSV-0274,BKG-003815,3,It was okay.,2026-02-11 20:27:00
FDB-0782,LSV-0390,BKG-007405,2,Not very comfortable.,2026-01-25 00:20:00
FDB-0783,LSV-0219,BKG-001294,5,Very clean and quiet.,2026-01-27 06:07:00
FDB-0784,LSV-0292,BKG-000118,4,Minor issues but fine.,2026-01-20 04:21:00
FDB-0785,LSV-0354,BKG-002843,4,Good overall.,2026-02-06 13:56:00
FDB-0786,LSV-0206,BKG-004474,5,Very clean and quiet.,2026-02-16 15:45:00
FDB-0787,LSV-0023,BKG-000714,5,Very clean and quiet.,2026-01-22 19:42:00
FDB-0788,LSV-0077,BKG-000973,5,Very clean and quiet.,2026-01-25 15:57:00
FDB-0789,LSV-0086,BKG-001978,5,Great setup and amenities.,2026-02-01 07:11:00
FDB-0790,LSV-0272,BKG-003483,5,Very clean and quiet.,2026-02-09 19:21:00
FDB-0791,LSV-0131,BKG-000922,4,Worked well for our session.,2026-01-25 08:17:00
FDB-0792,LSV-0225,BKG-007004,4,Minor issues but fine.,2026-02-08 23:03:00
FDB-0793,LSV-0157,BKG-007050,5,Excellent space.,2026-02-02 19:48:00
FDB-0794,LSV-0260,BKG-004061,5,Great setup and amenities.,2026-02-14 04:47:00
FDB-0795,LSV-0042,BKG-000849,2,Not very comfortable.,2026-01-24 18:37:00
FDB-0796,LSV-0227,BKG-002459,4,Good overall.,2026-02-03 19:54:00
FDB-0797,LSV-0435,BKG-003229,4,Worked well for our session.,2026-02-08 09:52:00
FDB-0798,LSV-0029,BKG-000956,5,Very clean and quiet.,2026-01-25 00:13:00
FDB-0799,LSV-0126,BKG-001854,5,Very clean and quiet.,2026-01-30 18:35:00
FDB-0800,LSV-0231,BKG-000802,4,Minor issues but fine.,2026-01-24 09:07:00
FDB-0801,LSV-0179,BKG-001436,5,Very clean and quiet.,2026-01-28 03:29:00
FDB-0802,LSV-0159,BKG-000509,5,Very clean and quiet.,2026-01-22 02:50:00
FDB-0803,LSV-0437,BKG-004158,3,It was okay.,2026-02-13 20:56:00
FDB-0804,LSV-0227,BKG-002155,5,Excellent space.,2026-02-02 02:50:00
FDB-0805,LSV-0259,BKG-002462,5,Great setup and amenities.,2026-02-03 08:46:00
FDB-0806,LSV-0221,BKG-001530,5,Very clean and quiet.,2026-01-28 17:54:00
FDB-0807,LSV-0408,BKG-003252,4,Worked well for our session.,2026-02-09 22:20:00
FDB-0808,LSV-0080,BKG-002446,5,Excellent space.,2026-02-02 18:59:00
FDB-0809,LSV-0295,BKG-000906,3,It was okay.,2026-01-25 01:21:00
FDB-0810,LSV-0192,BKG-000836,3,Average experience.,2026-01-25 08:21:00
FDB-0811,LSV-0255,BKG-002940,5,Excellent space.,2026-02-05 15:34:00
FDB-0812,LSV-0305,BKG-002852,4,Minor issues but fine.,2026-02-06 18:35:00
FDB-0813,LSV-0425,BKG-000309,5,Great setup and amenities.,2026-01-21 17:45:00
FDB-0814,LSV-0276,BKG-003791,4,Good overall.,2026-02-11 19:27:00
FDB-0815,LSV-0111,BKG-002096,4,Worked well for our session.,2026-02-01 14:52:00
FDB-0816,LSV-0359,BKG-001648,2,Too noisy nearby.,2026-01-30 04:03:00
FDB-0817,LSV-0217,BKG-001633,5,Excellent space.,2026-01-29 19:57:00
FDB-0818,LSV-0317,BKG-003606,4,Minor issues but fine.,2026-02-11 04:04:00
FDB-0819,LSV-0442,BKG-001769,4,Worked well for our session.,2026-01-31 03:53:00
FDB-0820,LSV-0428,BKG-001168,5,Great setup and amenities.,2026-01-25 20:06:00
FDB-0821,LSV-0138,BKG-007249,4,Worked well for our session.,2026-01-31 17:08:00
FDB-0822,LSV-0400,BKG-003210,4,Good overall.,2026-02-07 19:13:00
FDB-0823,LSV-0232,BKG-002415,2,Equipment issues.,2026-02-02 12:10:00
FDB-0824,LSV-0067,BKG-000857,4,Worked well for our session.,2026-01-24 13:48:00
FDB-0825,LSV-0194,BKG-004538,4,Good overall.,2026-02-17 16:51:00
FDB-0826,LSV-0207,BKG-000516,5,Great setup and amenities.,2026-01-21 20:48:00
FDB-0827,LSV-0216,BKG-001589,4,Worked well for our session.,2026-01-28 23:40:00
FDB-0828,LSV-0219,BKG-000413,4,Minor issues but fine.,2026-01-21 12:19:00
FDB-0829,LSV-0038,BKG-003857,3,It was okay.,2026-02-12 06:45:00
FDB-0830,LSV-0196,BKG-003826,4,Worked well for our session.,2026-02-12 06:04:00
FDB-0831,LSV-0306,BKG-003427,3,Average experience.,2026-02-10 08:52:00
FDB-0832,LSV-0260,BKG-001067,3,It was okay.,2026-01-25 15:43:00
FDB-0833,LSV-0130,BKG-000350,5,Great setup and amenities.,2026-01-20 12:01:00
FDB-0834,LSV-0173,BKG-002287,4,Worked well for our session.,2026-02-04 01:22:00
FDB-0835,LSV-0170,BKG-000477,2,Equipment issues.,2026-01-21 16:27:00
FDB-0836,LSV-0349,BKG-007111,4,Worked well for our session.,2026-02-10 02:23:00
FDB-0837,LSV-0093,BKG-002728,5,Very clean and quiet.,2026-02-06 02:37:00
FDB-0838,LSV-0012,BKG-000726,4,Minor issues but fine.,2026-01-24 04:04:00
FDB-0839,LSV-0146,BKG-002308,5,Very clean and quiet.,2026-02-03 04:10:00
FDB-0840,LSV-0364,BKG-003290,2,Not very comfortable.,2026-02-09 04:18:00
FDB-0841,LSV-0266,BKG-003034,5,Excellent space.,2026-02-07 05:44:00
FDB-0842,LSV-0152,BKG-000805,4,Minor issues but fine.,2026-01-25 04:28:00
FDB-0843,LSV-0195,BKG-003890,4,Minor issues but fine.,2026-02-13 02:55:00
FDB-0844,LSV-0117,BKG-000468,4,Good overall.,2026-01-21 19:00:00
FDB-0845,LSV-0301,BKG-000902,4,Good overall.,2026-01-25 04:49:00
FDB-0846,LSV-0064,BKG-001675,4,Good overall.,2026-01-29 19:05:00
FDB-0847,LSV-0398,BKG-004078,3,Average experience.,2026-02-13 22:29:00
FDB-0848,LSV-0226,BKG-003699,1,Could not use the space effectively.,2026-02-12 18:31:00
FDB-0849,LSV-0309,BKG-000540,3,Could be better maintained.,2026-01-22 09:27:00
FDB-0850,LSV-0242,BKG-001295,4,Good overall.,2026-01-27 09:31:00
FDB-0851,LSV-0098,BKG-004019,4,Good overall.,2026-02-13 09:27:00
FDB-0852,LSV-0353,BKG-001703,5,Excellent space.,2026-01-29 18:52:00
FDB-0853,LSV-0400,BKG-001125,5,Great setup and amenities.,2026-01-27 05:33:00
FDB-0854,LSV-0114,BKG-001412,2,Too noisy nearby.,2026-01-28 21:12:00
FDB-0855,LSV-0085,BKG-003090,5,Excellent space.,2026-02-07 21:54:00
FDB-0856,LSV-0300,BKG-003916,3,It was okay.,2026-02-13 02:44:00
FDB-0857,LSV-0373,BKG-002745,5,Excellent space.,2026-02-06 02:24:00
FDB-0858,LSV-0106,BKG-002630,5,Very clean and quiet.,2026-02-04 15:03:00
FDB-0859,LSV-0181,BKG-001498,5,Very clean and quiet.,2026-01-29 07:42:00
FDB-0860,LSV-0062,BKG-000834,5,Very clean and quiet.,2026-01-24 07:32:00
FDB-0861,LSV-0390,BKG-000737,5,Excellent space.,2026-01-23 23:57:00
FDB-0862,LSV-0079,BKG-002918,4,Worked well for our session.,2026-02-06 03:00:00
FDB-0863,LSV-0043,BKG-007325,4,Worked well for our session.,2026-02-15 16:48:00
FDB-0864,LSV-0236,BKG-003701,4,Good overall.,2026-02-11 19:51:00
FDB-0865,LSV-0179,BKG-002951,1,Needs urgent maintenance.,2026-02-06 14:47:00
FDB-0866,LSV-0145,BKG-001506,5,Great setup and amenities.,2026-01-28 23:51:00
FDB-0867,LSV-0367,BKG-003572,3,Could be better maintained.,2026-02-11 17:02:00
FDB-0868,LSV-0055,BKG-001028,5,Very clean and quiet.,2026-01-25 16:55:00
FDB-0869,LSV-0142,BKG-000136,5,Excellent space.,2026-01-21 00:37:00
FDB-0870,LSV-0352,BKG-003760,4,Minor issues but fine.,2026-02-12 18:06:00
FDB-0871,LSV-0341,BKG-004340,5,Very clean and quiet.,2026-02-17 01:10:00
FDB-0872,LSV-0077,BKG-000300,3,Could be better maintained.,2026-01-20 22:49:00
FDB-0873,LSV-0088,BKG-007167,4,Worked well for our session.,2026-02-01 21:48:00
FDB-0874,LSV-0122,BKG-003838,4,Good overall.,2026-02-12 19:50:00
FDB-0875,LSV-0075,BKG-003008,3,It was okay.,2026-02-06 19:38:00
FDB-0876,LSV-0039,BKG-000493,4,Worked well for our session.,2026-01-22 01:41:00
FDB-0877,LSV-0055,BKG-003366,4,Worked well for our session.,2026-02-10 08:00:00
FDB-0878,LSV-0023,BKG-000876,5,Great setup and amenities.,2026-01-24 08:25:00
FDB-0879,LSV-0278,BKG-000961,4,Worked well for our session.,2026-01-24 23:29:00
FDB-0880,LSV-0157,BKG-004377,2,Too noisy nearby.,2026-02-17 04:35:00
FDB-0881,LSV-0369,BKG-001419,4,Minor issues but fine.,2026-01-28 17:14:00
FDB-0882,LSV-0316,BKG-003632,5,Excellent space.,2026-02-10 15:08:00
FDB-0883,LSV-0013,BKG-007293,4,Good overall.,2026-01-24 18:28:00
FDB-0884,LSV-0013,BKG-007464,3,Could be better maintained.,2026-01-26 08:19:00
FDB-0885,LSV-0089,BKG-003849,4,Worked well for our session.,2026-02-11 16:38:00
FDB-0886,LSV-0208,BKG-003479,4,Good overall.,2026-02-10 18:07:00
FDB-0887,LSV-0157,BKG-002998,4,Good overall.,2026-02-07 23:35:00
FDB-0888,LSV-0150,BKG-004082,4,Worked well for our session.,2026-02-14 18:58:00
FDB-0889,LSV-0227,BKG-003075,4,Minor issues but fine.,2026-02-06 16:51:00
FDB-0890,LSV-0389,BKG-001582,5,Very clean and quiet.,2026-01-28 18:19:00
FDB-0891,LSV-0173,BKG-002190,5,Great setup and amenities.,2026-02-03 03:31:00
FDB-0892,LSV-0214,BKG-007221,4,Good overall.,2026-02-01 04:02:00
FDB-0893,LSV-0012,BKG-003393,1,Needs urgent maintenance.,2026-02-10 12:55:00
FDB-0894,LSV-0390,BKG-000758,4,Good overall.,2026-01-23 05:08:00
FDB-0895,LSV-0122,BKG-003128,3,It was okay.,2026-02-07 12:57:00
FDB-0896,LSV-0286,BKG-001495,5,Great setup and amenities.,2026-01-28 01:30:00
FDB-0897,LSV-0194,BKG-004166,5,Very clean and quiet.,2026-02-14 08:42:00
FDB-0898,LSV-0334,BKG-002389,5,Great setup and amenities.,2026-02-03 18:14:00
FDB-0899,LSV-0058,BKG-001460,5,Very clean and quiet.,2026-01-28 05:15:00
FDB-0900,LSV-0043,BKG-002886,4,Minor issues but fine.,2026-02-07 06:54:00
FDB-0901,LSV-0104,BKG-002543,5,Great setup and amenities.,2026-02-04 21:48:00
FDB-0902,LSV-0067,BKG-003792,4,Minor issues but fine.,2026-02-12 03:31:00
FDB-0903,LSV-0043,BKG-003880,4,Minor issues but fine.,2026-02-13 12:49:00
FDB-0904,LSV-0271,BKG-003188,5,Great setup and amenities.,2026-02-08 15:27:00
FDB-0905,LSV-0313,BKG-003943,2,Equipment issues.,2026-02-13 19:49:00
FDB-0906,LSV-0176,BKG-002271,5,Very clean and quiet.,2026-02-01 22:35:00
FDB-0907,LSV-0354,BKG-001147,5,Excellent space.,2026-01-26 13:01:00
FDB-0908,LSV-0239,BKG-004469,5,Excellent space.,2026-02-17 11:46:00
FDB-0909,LSV-0363,BKG-002529,5,Great setup and amenities.,2026-02-05 02:40:00
FDB-0910,LSV-0325,BKG-001325,5,Very clean and quiet.,2026-01-28 00:49:00
FDB-0911,LSV-0015,BKG-001022,1,Needs urgent maintenance.,2026-01-24 23:02:00
FDB-0912,LSV-0206,BKG-003192,4,Minor issues but fine.,2026-02-08 00:48:00
FDB-0913,LSV-0143,BKG-003554,4,Good overall.,2026-02-11 03:20:00
FDB-0914,LSV-0363,BKG-007098,5,Very clean and quiet.,2026-01-19 00:32:00
FDB-0915,LSV-0418,BKG-003698,4,Minor issues but fine.,2026-02-12 15:36:00
FDB-0916,LSV-0092,BKG-002410,5,Excellent space.,2026-02-03 20:33:00
FDB-0917,LSV-0223,BKG-007021,2,Equipment issues.,2026-02-01 00:00:00
FDB-0918,LSV-0089,BKG-000872,5,Excellent space.,2026-01-23 23:34:00
FDB-0919,LSV-0089,BKG-002569,3,Could be better maintained.,2026-02-04 02:25:00
FDB-0920,LSV-0248,BKG-003993,5,Excellent space.,2026-02-13 17:26:00
FDB-0921,LSV-0238,BKG-007395,1,Could not use the space effectively.,2026-02-16 21:12:00
FDB-0922,LSV-0217,BKG-002783,5,Very clean and quiet.,2026-02-04 16:53:00
FDB-0923,LSV-0302,BKG-007457,4,Good overall.,2026-02-04 19:07:00
FDB-0924,LSV-0227,BKG-000762,5,Excellent space.,2026-01-23 02:20:00
FDB-0925,LSV-0427,BKG-003741,5,Great setup and amenities.,2026-02-12 16:22:00
FDB-0926,LSV-0212,BKG-004583,1,Poor experience.,2026-02-17 18:39:00
FDB-0927,LSV-0024,BKG-004457,5,Very clean and quiet.,2026-02-17 13:11:00
FDB-0928,LSV-0329,BKG-004573,5,Great setup and amenities.,2026-02-17 05:19:00
FDB-0929,LSV-0160,BKG-002963,4,Worked well for our session.,2026-02-06 09:11:00
FDB-0930,LSV-0303,BKG-001076,4,Minor issues but fine.,2026-01-25 06:33:00
FDB-0931,LSV-0408,BKG-003364,5,Great setup and amenities.,2026-02-11 00:09:00
FDB-0932,LSV-0385,BKG-001938,3,It was okay.,2026-01-31 08:02:00
FDB-0933,LSV-0097,BKG-001021,5,Great setup and amenities.,2026-01-24 23:25:00
FDB-0934,LSV-0434,BKG-003724,4,Worked well for our session.,2026-02-12 01:48:00
FDB-0935,LSV-0450,BKG-002145,4,Good overall.,2026-01-31 16:55:00
FDB-0936,LSV-0189,BKG-000919,3,It was okay.,2026-01-24 15:13:00
FDB-0937,LSV-0189,BKG-004067,1,Needs urgent maintenance.,2026-02-13 21:19:00
FDB-0938,LSV-0338,BKG-000681,4,Good overall.,2026-01-23 16:47:00
FDB-0939,LSV-0031,BKG-007284,4,Minor issues but fine.,2026-02-09 23:31:00
FDB-0940,LSV-0353,BKG-000910,1,Could not use the space effectively.,2026-01-23 17:41:00
FDB-0941,LSV-0073,BKG-001110,5,Excellent space.,2026-01-26 02:01:00
FDB-0942,LSV-0106,BKG-000727,4,Minor issues but fine.,2026-01-23 08:10:00
FDB-0943,LSV-0279,BKG-000423,3,Could be better maintained.,2026-01-21 06:36:00
FDB-0944,LSV-0292,BKG-001872,5,Excellent space.,2026-01-29 19:58:00
FDB-0945,LSV-0170,BKG-004087,2,Too noisy nearby.,2026-02-14 09:36:00
FDB-0946,LSV-0428,BKG-000097,2,Equipment issues.,2026-01-19 10:31:00
FDB-0947,LSV-0151,BKG-002586,4,Minor issues but fine.,2026-02-03 23:44:00
FDB-0948,LSV-0370,BKG-000026,5,Great setup and amenities.,2026-01-19 20:11:00
FDB-0949,LSV-0304,BKG-004376,4,Good overall.,2026-02-15 21:24:00
FDB-0950,LSV-0243,BKG-003274,5,Very clean and quiet.,2026-02-09 16:18:00
FDB-0951,LSV-0120,BKG-007410,1,Needs urgent maintenance.,2026-02-10 04:19:00
FDB-0952,LSV-0263,BKG-003359,5,Excellent space.,2026-02-09 00:04:00
FDB-0953,LSV-0182,BKG-000942,2,Too noisy nearby.,2026-01-23 12:52:00
FDB-0954,LSV-0169,BKG-001913,4,Good overall.,2026-01-31 21:10:00
FDB-0955,LSV-0242,BKG-000507,5,Excellent space.,2026-01-21 19:34:00
FDB-0956,LSV-0055,BKG-000789,5,Very clean and quiet.,2026-01-22 21:38:00
FDB-0957,LSV-0450,BKG-000466,5,Great setup and amenities.,2026-01-21 23:27:00
FDB-0958,LSV-0378,BKG-002654,5,Great setup and amenities.,2026-02-06 01:06:00
FDB-0959,LSV-0435,BKG-004462,3,Could be better maintained.,2026-02-17 15:55:00
FDB-0960,LSV-0139,BKG-000321,3,It was okay.,2026-01-21 02:01:00
FDB-0961,LSV-0302,BKG-003578,4,Good overall.,2026-02-11 03:59:00
FDB-0962,LSV-0415,BKG-004277,5,Great setup and amenities.,2026-02-15 10:07:00
FDB-0963,LSV-0142,BKG-000054,4,Minor issues but fine.,2026-01-19 05:04:00
FDB-0964,LSV-0301,BKG-002125,5,Very clean and quiet.,2026-02-02 04:37:00
FDB-0965,LSV-0045,BKG-003523,5,Very clean and quiet.,2026-02-09 22:51:00
FDB-0966,LSV-0203,BKG-007302,4,Worked well for our session.,2026-01-24 05:23:00
FDB-0967,LSV-0362,BKG-002131,3,It was okay.,2026-01-31 23:08:00
FDB-0968,LSV-0119,BKG-002110,4,Good overall.,2026-02-02 04:47:00
FDB-0969,LSV-0228,BKG-003917,5,Very clean and quiet.,2026-02-12 20:52:00
FDB-0970,LSV-0049,BKG-007123,4,Minor issues but fine.,2026-01-25 21:02:00
FDB-0971,LSV-0206,BKG-004140,3,Average experience.,2026-02-14 06:57:00
FDB-0972,LSV-0406,BKG-000685,2,Too noisy nearby.,2026-01-23 13:32:00
FDB-0973,LSV-0084,BKG-004063,5,Excellent space.,2026-02-13 22:49:00
FDB-0974,LSV-0108,BKG-002744,4,Good overall.,2026-02-05 19:46:00
FDB-0975,LSV-0355,BKG-001771,3,It was okay.,2026-01-30 08:38:00
FDB-0976,LSV-0062,BKG-000875,2,Equipment issues.,2026-01-24 19:17:00
FDB-0977,LSV-0133,BKG-000091,5,Very clean and quiet.,2026-01-19 12:24:00
FDB-0978,LSV-0308,BKG-002497,4,Minor issues but fine.,2026-02-04 05:02:00
FDB-0979,LSV-0157,BKG-002503,3,It was okay.,2026-02-04 07:46:00
FDB-0980,LSV-0417,BKG-001752,5,Very clean and quiet.,2026-01-30 16:19:00
FDB-0981,LSV-0117,BKG-000741,1,Could not use the space effectively.,2026-01-23 14:37:00
FDB-0982,LSV-0059,BKG-002478,4,Minor issues but fine.,2026-02-04 12:27:00
FDB-0983,LSV-0050,BKG-007292,5,Very clean and quiet.,2026-02-09 09:49:00
FDB-0984,LSV-0186,BKG-003216,5,Excellent space.,2026-02-09 05:43:00
FDB-0985,LSV-0293,BKG-002311,5,Very clean and quiet.,2026-02-03 13:02:00
FDB-0986,LSV-0397,BKG-000827,5,Excellent space.,2026-01-24 16:20:00
FDB-0987,LSV-0313,BKG-002126,3,Average experience.,2026-02-01 12:59:00
FDB-0988,LSV-0352,BKG-001642,5,Great setup and amenities.,2026-01-29 07:07:00
FDB-0989,LSV-0238,BKG-001487,4,Worked well for our session.,2026-01-29 09:14:00
FDB-0990,LSV-0357,BKG-002541,4,Worked well for our session.,2026-02-04 11:08:00
FDB-0991,LSV-0292,BKG-007235,5,Very clean and quiet.,2026-02-15 23:51:00
FDB-0992,LSV-0399,BKG-001621,5,Very clean and quiet.,2026-01-29 17:18:00
FDB-0993,LSV-0023,BKG-007451,4,Good overall.,2026-02-17 01:42:00
FDB-0994,LSV-0439,BKG-000815,5,Very clean and quiet.,2026-01-24 11:41:00
FDB-0995,LSV-0281,BKG-004437,5,Excellent space.,2026-02-17 04:58:00
FDB-0996,LSV-0030,BKG-000750,4,Minor issues but fine.,2026-01-23 09:12:00
FDB-0997,LSV-0155,BKG-001837,4,Minor issues but fine.,2026-01-31 00:23:00
FDB-0998,LSV-0237,BKG-002833,5,Excellent space.,2026-02-06 03:22:00
FDB-0999,LSV-0133,BKG-002896,4,Good overall.,2026-02-06 05:51:00
FDB-1000,LSV-0279,BKG-004388,3,Average experience.,2026-02-15 22:26:00
FDB-1001,LSV-0033,BKG-003512,4,Minor issues but fine.,2026-02-10 06:49:00
FDB-1002,LSV-0065,BKG-001370,5,Great setup and amenities.,2026-01-27 01:06:00
FDB-1003,LSV-0392,BKG-007011,2,Not very comfortable.,2026-02-13 13:47:00
FDB-1004,LSV-0380,BKG-004306,1,Needs urgent maintenance.,2026-02-16 03:50:00
FDB-1005,LSV-0423,BKG-003945,2,Not very comfortable.,2026-02-13 04:40:00
FDB-1006,LSV-0111,BKG-004100,4,Worked well for our session.,2026-02-14 03:47:00
FDB-1007,LSV-0250,BKG-002584,5,Great setup and amenities.,2026-02-04 10:50:00
FDB-1008,LSV-0325,BKG-000164,3,It was okay.,2026-01-20 06:21:00
FDB-1009,LSV-0213,BKG-002633,5,Great setup and amenities.,2026-02-05 00:19:00
FDB-1010,LSV-0037,BKG-000785,1,Needs urgent maintenance.,2026-01-23 11:34:00
FDB-1011,LSV-0045,BKG-002619,5,Great setup and amenities.,2026-02-04 12:25:00
FDB-1012,LSV-0439,BKG-003313,3,Average experience.,2026-02-09 10:45:00
FDB-1013,LSV-0092,BKG-000561,5,Excellent space.,2026-01-22 05:03:00
FDB-1014,LSV-0094,BKG-007205,5,Great setup and amenities.,2026-01-18 15:35:00
FDB-1015,LSV-0290,BKG-003237,3,Average experience.,2026-02-07 16:38:00
FDB-1016,LSV-0139,BKG-000082,4,Worked well for our session.,2026-01-19 22:27:00
FDB-1017,LSV-0255,BKG-000480,5,Excellent space.,2026-01-21 23:54:00
FDB-1018,LSV-0180,BKG-001199,2,Not very comfortable.,2026-01-26 19:53:00
FDB-1019,LSV-0155,BKG-004570,5,Excellent space.,2026-02-16 23:55:00
FDB-1020,LSV-0048,BKG-003310,2,Not very comfortable.,2026-02-09 19:25:00
FDB-1021,LSV-0419,BKG-001794,5,Excellent space.,2026-01-30 07:26:00
FDB-1022,LSV-0342,BKG-003652,4,Minor issues but fine.,2026-02-10 21:39:00
FDB-1023,LSV-0113,BKG-007209,3,Average experience.,2026-02-01 15:39:00
FDB-1024,LSV-0051,BKG-000968,5,Excellent space.,2026-01-25 17:58:00
FDB-1025,LSV-0414,BKG-000249,5,Excellent space.,2026-01-20 18:27:00
FDB-1026,LSV-0196,BKG-000075,5,Excellent space.,2026-01-19 02:30:00
FDB-1027,LSV-0387,BKG-001945,4,Good overall.,2026-01-31 10:06:00
FDB-1028,LSV-0037,BKG-002560,5,Great setup and amenities.,2026-02-04 05:36:00
FDB-1029,LSV-0369,BKG-001216,5,Very clean and quiet.,2026-01-28 00:46:00
FDB-1030,LSV-0263,BKG-003299,2,Equipment issues.,2026-02-09 12:34:00
FDB-1031,LSV-0244,BKG-000373,4,Worked well for our session.,2026-01-21 17:03:00
FDB-1032,LSV-0263,BKG-001586,5,Great setup and amenities.,2026-01-28 15:59:00
FDB-1033,LSV-0360,BKG-004022,5,Excellent space.,2026-02-12 12:30:00
FDB-1034,LSV-0391,BKG-004262,4,Worked well for our session.,2026-02-14 17:46:00
FDB-1035,LSV-0301,BKG-003334,5,Excellent space.,2026-02-09 08:41:00
FDB-1036,LSV-0450,BKG-001098,5,Very clean and quiet.,2026-01-26 10:18:00
FDB-1037,LSV-0269,BKG-003475,5,Great setup and amenities.,2026-02-09 20:49:00
FDB-1038,LSV-0257,BKG-003333,4,Minor issues but fine.,2026-02-09 10:09:00
FDB-1039,LSV-0259,BKG-000855,2,Equipment issues.,2026-01-23 21:46:00
FDB-1040,LSV-0123,BKG-001686,3,It was okay.,2026-01-29 01:58:00
FDB-1041,LSV-0058,BKG-003822,4,Worked well for our session.,2026-02-12 15:40:00
FDB-1042,LSV-0021,BKG-001784,4,Minor issues but fine.,2026-01-31 09:27:00
FDB-1043,LSV-0163,BKG-000988,2,Too noisy nearby.,2026-01-24 21:41:00
FDB-1044,LSV-0423,BKG-002434,4,Worked well for our session.,2026-02-03 06:54:00
FDB-1045,LSV-0104,BKG-007428,4,Worked well for our session.,2026-01-18 22:01:00
FDB-1046,LSV-0209,BKG-002928,5,Great setup and amenities.,2026-02-06 05:11:00
FDB-1047,LSV-0283,BKG-003607,5,Great setup and amenities.,2026-02-11 07:38:00
FDB-1048,LSV-0364,BKG-000121,4,Worked well for our session.,2026-01-19 22:48:00
FDB-1049,LSV-0329,BKG-000501,5,Great setup and amenities.,2026-01-22 12:17:00
FDB-1050,LSV-0291,BKG-002692,3,Could be better maintained.,2026-02-05 06:42:00
FDB-1051,LSV-0418,BKG-004444,5,Great setup and amenities.,2026-02-18 00:20:00
FDB-1052,LSV-0282,BKG-003326,4,Minor issues but fine.,2026-02-09 04:50:00
FDB-1053,LSV-0253,BKG-002612,5,Excellent space.,2026-02-04 20:50:00
FDB-1054,LSV-0446,BKG-001939,4,Worked well for our session.,2026-01-31 11:20:00
FDB-1055,LSV-0408,BKG-002551,3,It was okay.,2026-02-04 20:16:00
FDB-1056,LSV-0274,BKG-001681,5,Excellent space.,2026-01-30 00:54:00
FDB-1057,LSV-0233,BKG-001089,2,Equipment issues.,2026-01-26 03:36:00
FDB-1058,LSV-0345,BKG-001393,4,Good overall.,2026-01-28 10:10:00
FDB-1059,LSV-0028,BKG-001440,4,Good overall.,2026-01-28 08:40:00
FDB-1060,LSV-0101,BKG-003380,3,It was okay.,2026-02-10 05:31:00
FDB-1061,LSV-0276,BKG-001042,4,Worked well for our session.,2026-01-25 14:31:00
FDB-1062,LSV-0214,BKG-000523,5,Excellent space.,2026-01-22 14:34:00
FDB-1063,LSV-0157,BKG-002709,4,Good overall.,2026-02-05 10:14:00
FDB-1064,LSV-0419,BKG-003374,5,Great setup and amenities.,2026-02-10 09:59:00
FDB-1065,LSV-0227,BKG-003420,5,Excellent space.,2026-02-11 03:51:00
FDB-1066,LSV-0203,BKG-003552,4,Worked well for our session.,2026-02-12 02:44:00
FDB-1067,LSV-0022,BKG-004295,5,Very clean and quiet.,2026-02-14 22:16:00
FDB-1068,LSV-0147,BKG-002936,4,Good overall.,2026-02-06 09:41:00
FDB-1069,LSV-0392,BKG-001706,3,It was okay.,2026-01-28 10:52:00
FDB-1070,LSV-0203,BKG-000221,3,Average experience.,2026-01-20 16:43:00
FDB-1071,LSV-0327,BKG-002334,5,Excellent space.,2026-02-03 12:09:00
FDB-1072,LSV-0278,BKG-004355,5,Great setup and amenities.,2026-02-16 19:58:00
FDB-1073,LSV-0347,BKG-000323,5,Very clean and quiet.,2026-01-21 08:55:00
FDB-1074,LSV-0051,BKG-000135,5,Great setup and amenities.,2026-01-20 17:56:00
FDB-1075,LSV-0413,BKG-001194,4,Minor issues but fine.,2026-01-25 16:26:00
FDB-1076,LSV-0333,BKG-001889,4,Good overall.,2026-01-30 22:02:00
FDB-1077,LSV-0442,BKG-003332,5,Very clean and quiet.,2026-02-09 06:11:00
FDB-1078,LSV-0408,BKG-002107,5,Very clean and quiet.,2026-02-01 13:36:00
FDB-1079,LSV-0361,BKG-003891,4,Good overall.,2026-02-13 01:49:00
FDB-1080,LSV-0126,BKG-001214,4,Good overall.,2026-01-27 04:21:00
FDB-1081,LSV-0120,BKG-003131,3,It was okay.,2026-02-07 00:01:00
FDB-1082,LSV-0195,BKG-004543,4,Minor issues but fine.,2026-02-16 21:48:00
FDB-1083,LSV-0214,BKG-002703,4,Worked well for our session.,2026-02-05 11:35:00
FDB-1084,LSV-0251,BKG-001673,4,Minor issues but fine.,2026-01-29 05:41:00
FDB-1085,LSV-0143,BKG-002495,5,Excellent space.,2026-02-04 17:52:00
FDB-1086,LSV-0270,BKG-001061,5,Great setup and amenities.,2026-01-25 12:50:00
FDB-1087,LSV-0337,BKG-000267,5,Excellent space.,2026-01-20 01:37:00
FDB-1088,LSV-0440,BKG-004496,5,Great setup and amenities.,2026-02-16 18:02:00
FDB-1089,LSV-0246,BKG-007056,5,Excellent space.,2026-02-15 01:16:00
FDB-1090,LSV-0215,BKG-001640,4,Good overall.,2026-01-30 00:29:00
FDB-1091,LSV-0070,BKG-003774,3,Could be better maintained.,2026-02-12 09:06:00
FDB-1092,LSV-0081,BKG-002456,4,Minor issues but fine.,2026-02-04 01:07:00
FDB-1093,LSV-0309,BKG-001587,1,Needs urgent maintenance.,2026-01-29 07:51:00
FDB-1094,LSV-0296,BKG-007298,2,Not very comfortable.,2026-02-09 12:49:00
FDB-1095,LSV-0425,BKG-003181,3,It was okay.,2026-02-07 22:50:00
FDB-1096,LSV-0396,BKG-001657,5,Very clean and quiet.,2026-01-29 09:31:00
FDB-1097,LSV-0082,BKG-001963,3,Average experience.,2026-02-01 04:20:00
FDB-1098,LSV-0150,BKG-001935,1,Needs urgent maintenance.,2026-01-31 11:39:00
FDB-1099,LSV-0406,BKG-002759,3,Could be better maintained.,2026-02-06 06:15:00
FDB-1100,LSV-0334,BKG-002095,2,Too noisy nearby.,2026-02-01 21:44:00
